,timestamp,component,metric_name,value,unit
0,2026-06-29 17:00:00,recommendation-api,recommendation_requests_total,3000.0,count
1,2026-06-29 17:00:00,recommendation-api,recommendation_latency_ms,126.76,ms
2,2026-06-29 17:00:00,recommendation-api,recommendation_error_rate,0.028,%
3,2026-06-29 17:00:00,recommendation-db,db_cpu_percent,36.3,%
4,2026-06-29 17:00:00,recommendation-db,db_connection_count,29.0,count
5,2026-06-29 17:00:00,recommendation-db,db_read_qps,141.0,qps
6,2026-06-29 17:00:00,recommendation-db,db_write_qps,25.0,qps
7,2026-06-29 17:00:00,recommendation-db,db_query_latency_ms,4.43,ms
8,2026-06-29 17:00:00,recommendation-cache,cache_hit_rate,88.25,%
9,2026-06-29 17:00:00,recommendation-cache,cache_refresh_rate,15.0,ops
10,2026-06-29 17:00:00,recommendation-cache,cache_evictions,4.0,count
11,2026-06-29 17:00:00,ranking-service,pod_cpu_percent,50.8,%
12,2026-06-29 17:00:00,ranking-service,pod_memory_percent,53.1,%
13,2026-06-29 17:00:00,business,recommendation_ctr,4.15,%
14,2026-06-29 17:00:00,business,homepage_load_time,346.76,ms
15,2026-06-29 17:01:00,recommendation-api,recommendation_requests_total,3019.0,count
16,2026-06-29 17:01:00,recommendation-api,recommendation_latency_ms,119.96,ms
17,2026-06-29 17:01:00,recommendation-api,recommendation_error_rate,0.011,%
18,2026-06-29 17:01:00,recommendation-db,db_cpu_percent,29.5,%
19,2026-06-29 17:01:00,recommendation-db,db_connection_count,25.0,count
20,2026-06-29 17:01:00,recommendation-db,db_read_qps,147.0,qps
21,2026-06-29 17:01:00,recommendation-db,db_write_qps,12.0,qps
22,2026-06-29 17:01:00,recommendation-db,db_query_latency_ms,4.2,ms
23,2026-06-29 17:01:00,recommendation-cache,cache_hit_rate,87.77,%
24,2026-06-29 17:01:00,recommendation-cache,cache_refresh_rate,15.0,ops
25,2026-06-29 17:01:00,recommendation-cache,cache_evictions,2.0,count
26,2026-06-29 17:01:00,ranking-service,pod_cpu_percent,52.3,%
27,2026-06-29 17:01:00,ranking-service,pod_memory_percent,53.2,%
28,2026-06-29 17:01:00,business,recommendation_ctr,4.06,%
29,2026-06-29 17:01:00,business,homepage_load_time,339.96,ms
30,2026-06-29 17:02:00,recommendation-api,recommendation_requests_total,3039.0,count
31,2026-06-29 17:02:00,recommendation-api,recommendation_latency_ms,116.22,ms
32,2026-06-29 17:02:00,recommendation-api,recommendation_error_rate,0.017,%
33,2026-06-29 17:02:00,recommendation-db,db_cpu_percent,33.3,%
34,2026-06-29 17:02:00,recommendation-db,db_connection_count,26.0,count
35,2026-06-29 17:02:00,recommendation-db,db_read_qps,145.0,qps
36,2026-06-29 17:02:00,recommendation-db,db_write_qps,16.0,qps
37,2026-06-29 17:02:00,recommendation-db,db_query_latency_ms,4.61,ms
38,2026-06-29 17:02:00,recommendation-cache,cache_hit_rate,88.03,%
39,2026-06-29 17:02:00,recommendation-cache,cache_refresh_rate,13.0,ops
40,2026-06-29 17:02:00,recommendation-cache,cache_evictions,2.0,count
41,2026-06-29 17:02:00,ranking-service,pod_cpu_percent,53.0,%
42,2026-06-29 17:02:00,ranking-service,pod_memory_percent,53.2,%
43,2026-06-29 17:02:00,business,recommendation_ctr,4.14,%
44,2026-06-29 17:02:00,business,homepage_load_time,336.22,ms
45,2026-06-29 17:03:00,recommendation-api,recommendation_requests_total,3059.0,count
46,2026-06-29 17:03:00,recommendation-api,recommendation_latency_ms,119.19,ms
47,2026-06-29 17:03:00,recommendation-api,recommendation_error_rate,0.027,%
48,2026-06-29 17:03:00,recommendation-db,db_cpu_percent,33.9,%
49,2026-06-29 17:03:00,recommendation-db,db_connection_count,24.0,count
50,2026-06-29 17:03:00,recommendation-db,db_read_qps,153.0,qps
51,2026-06-29 17:03:00,recommendation-db,db_write_qps,17.0,qps
52,2026-06-29 17:03:00,recommendation-db,db_query_latency_ms,4.1,ms
53,2026-06-29 17:03:00,recommendation-cache,cache_hit_rate,87.47,%
54,2026-06-29 17:03:00,recommendation-cache,cache_refresh_rate,16.0,ops
55,2026-06-29 17:03:00,recommendation-cache,cache_evictions,4.0,count
56,2026-06-29 17:03:00,ranking-service,pod_cpu_percent,50.1,%
57,2026-06-29 17:03:00,ranking-service,pod_memory_percent,53.2,%
58,2026-06-29 17:03:00,business,recommendation_ctr,4.22,%
59,2026-06-29 17:03:00,business,homepage_load_time,339.19,ms
60,2026-06-29 17:04:00,recommendation-api,recommendation_requests_total,3079.0,count
61,2026-06-29 17:04:00,recommendation-api,recommendation_latency_ms,119.56,ms
62,2026-06-29 17:04:00,recommendation-api,recommendation_error_rate,0.016,%
63,2026-06-29 17:04:00,recommendation-db,db_cpu_percent,35.8,%
64,2026-06-29 17:04:00,recommendation-db,db_connection_count,30.0,count
65,2026-06-29 17:04:00,recommendation-db,db_read_qps,156.0,qps
66,2026-06-29 17:04:00,recommendation-db,db_write_qps,18.0,qps
67,2026-06-29 17:04:00,recommendation-db,db_query_latency_ms,3.97,ms
68,2026-06-29 17:04:00,recommendation-cache,cache_hit_rate,87.26,%
69,2026-06-29 17:04:00,recommendation-cache,cache_refresh_rate,14.0,ops
70,2026-06-29 17:04:00,recommendation-cache,cache_evictions,3.0,count
71,2026-06-29 17:04:00,ranking-service,pod_cpu_percent,51.3,%
72,2026-06-29 17:04:00,ranking-service,pod_memory_percent,53.4,%
73,2026-06-29 17:04:00,business,recommendation_ctr,4.13,%
74,2026-06-29 17:04:00,business,homepage_load_time,339.56,ms
75,2026-06-29 17:05:00,recommendation-api,recommendation_requests_total,3099.0,count
76,2026-06-29 17:05:00,recommendation-api,recommendation_latency_ms,117.78,ms
77,2026-06-29 17:05:00,recommendation-api,recommendation_error_rate,0.009,%
78,2026-06-29 17:05:00,recommendation-db,db_cpu_percent,33.7,%
79,2026-06-29 17:05:00,recommendation-db,db_connection_count,30.0,count
80,2026-06-29 17:05:00,recommendation-db,db_read_qps,142.0,qps
81,2026-06-29 17:05:00,recommendation-db,db_write_qps,19.0,qps
82,2026-06-29 17:05:00,recommendation-db,db_query_latency_ms,4.36,ms
83,2026-06-29 17:05:00,recommendation-cache,cache_hit_rate,88.47,%
84,2026-06-29 17:05:00,recommendation-cache,cache_refresh_rate,14.0,ops
85,2026-06-29 17:05:00,recommendation-cache,cache_evictions,2.0,count
86,2026-06-29 17:05:00,ranking-service,pod_cpu_percent,51.7,%
87,2026-06-29 17:05:00,ranking-service,pod_memory_percent,53.5,%
88,2026-06-29 17:05:00,business,recommendation_ctr,4.08,%
89,2026-06-29 17:05:00,business,homepage_load_time,337.78,ms
90,2026-06-29 17:06:00,recommendation-api,recommendation_requests_total,3119.0,count
91,2026-06-29 17:06:00,recommendation-api,recommendation_latency_ms,119.74,ms
92,2026-06-29 17:06:00,recommendation-api,recommendation_error_rate,0.036,%
93,2026-06-29 17:06:00,recommendation-db,db_cpu_percent,32.6,%
94,2026-06-29 17:06:00,recommendation-db,db_connection_count,28.0,count
95,2026-06-29 17:06:00,recommendation-db,db_read_qps,150.0,qps
96,2026-06-29 17:06:00,recommendation-db,db_write_qps,27.0,qps
97,2026-06-29 17:06:00,recommendation-db,db_query_latency_ms,4.96,ms
98,2026-06-29 17:06:00,recommendation-cache,cache_hit_rate,87.96,%
99,2026-06-29 17:06:00,recommendation-cache,cache_refresh_rate,17.0,ops
100,2026-06-29 17:06:00,recommendation-cache,cache_evictions,2.0,count
101,2026-06-29 17:06:00,ranking-service,pod_cpu_percent,51.8,%
102,2026-06-29 17:06:00,ranking-service,pod_memory_percent,53.3,%
103,2026-06-29 17:06:00,business,recommendation_ctr,3.94,%
104,2026-06-29 17:06:00,business,homepage_load_time,339.74,ms
105,2026-06-29 17:07:00,recommendation-api,recommendation_requests_total,3139.0,count
106,2026-06-29 17:07:00,recommendation-api,recommendation_latency_ms,117.3,ms
107,2026-06-29 17:07:00,recommendation-api,recommendation_error_rate,0.012,%
108,2026-06-29 17:07:00,recommendation-db,db_cpu_percent,32.8,%
109,2026-06-29 17:07:00,recommendation-db,db_connection_count,28.0,count
110,2026-06-29 17:07:00,recommendation-db,db_read_qps,152.0,qps
111,2026-06-29 17:07:00,recommendation-db,db_write_qps,12.0,qps
112,2026-06-29 17:07:00,recommendation-db,db_query_latency_ms,4.94,ms
113,2026-06-29 17:07:00,recommendation-cache,cache_hit_rate,87.85,%
114,2026-06-29 17:07:00,recommendation-cache,cache_refresh_rate,15.0,ops
115,2026-06-29 17:07:00,recommendation-cache,cache_evictions,2.0,count
116,2026-06-29 17:07:00,ranking-service,pod_cpu_percent,52.1,%
117,2026-06-29 17:07:00,ranking-service,pod_memory_percent,53.3,%
118,2026-06-29 17:07:00,business,recommendation_ctr,4.15,%
119,2026-06-29 17:07:00,business,homepage_load_time,337.3,ms
120,2026-06-29 17:08:00,recommendation-api,recommendation_requests_total,3159.0,count
121,2026-06-29 17:08:00,recommendation-api,recommendation_latency_ms,116.84,ms
122,2026-06-29 17:08:00,recommendation-api,recommendation_error_rate,0.005,%
123,2026-06-29 17:08:00,recommendation-db,db_cpu_percent,35.8,%
124,2026-06-29 17:08:00,recommendation-db,db_connection_count,27.0,count
125,2026-06-29 17:08:00,recommendation-db,db_read_qps,154.0,qps
126,2026-06-29 17:08:00,recommendation-db,db_write_qps,24.0,qps
127,2026-06-29 17:08:00,recommendation-db,db_query_latency_ms,4.4,ms
128,2026-06-29 17:08:00,recommendation-cache,cache_hit_rate,87.74,%
129,2026-06-29 17:08:00,recommendation-cache,cache_refresh_rate,16.0,ops
130,2026-06-29 17:08:00,recommendation-cache,cache_evictions,4.0,count
131,2026-06-29 17:08:00,ranking-service,pod_cpu_percent,51.2,%
132,2026-06-29 17:08:00,ranking-service,pod_memory_percent,53.3,%
133,2026-06-29 17:08:00,business,recommendation_ctr,4.23,%
134,2026-06-29 17:08:00,business,homepage_load_time,336.84,ms
135,2026-06-29 17:09:00,recommendation-api,recommendation_requests_total,3179.0,count
136,2026-06-29 17:09:00,recommendation-api,recommendation_latency_ms,120.92,ms
137,2026-06-29 17:09:00,recommendation-api,recommendation_error_rate,0.039,%
138,2026-06-29 17:09:00,recommendation-db,db_cpu_percent,32.9,%
139,2026-06-29 17:09:00,recommendation-db,db_connection_count,26.0,count
140,2026-06-29 17:09:00,recommendation-db,db_read_qps,154.0,qps
141,2026-06-29 17:09:00,recommendation-db,db_write_qps,17.0,qps
142,2026-06-29 17:09:00,recommendation-db,db_query_latency_ms,4.45,ms
143,2026-06-29 17:09:00,recommendation-cache,cache_hit_rate,87.88,%
144,2026-06-29 17:09:00,recommendation-cache,cache_refresh_rate,13.0,ops
145,2026-06-29 17:09:00,recommendation-cache,cache_evictions,2.0,count
146,2026-06-29 17:09:00,ranking-service,pod_cpu_percent,51.3,%
147,2026-06-29 17:09:00,ranking-service,pod_memory_percent,53.3,%
148,2026-06-29 17:09:00,business,recommendation_ctr,4.22,%
149,2026-06-29 17:09:00,business,homepage_load_time,340.92,ms
150,2026-06-29 17:10:00,recommendation-api,recommendation_requests_total,3199.0,count
151,2026-06-29 17:10:00,recommendation-api,recommendation_latency_ms,119.01,ms
152,2026-06-29 17:10:00,recommendation-api,recommendation_error_rate,0.008,%
153,2026-06-29 17:10:00,recommendation-db,db_cpu_percent,39.3,%
154,2026-06-29 17:10:00,recommendation-db,db_connection_count,30.0,count
155,2026-06-29 17:10:00,recommendation-db,db_read_qps,165.0,qps
156,2026-06-29 17:10:00,recommendation-db,db_write_qps,22.0,qps
157,2026-06-29 17:10:00,recommendation-db,db_query_latency_ms,4.59,ms
158,2026-06-29 17:10:00,recommendation-cache,cache_hit_rate,87.04,%
159,2026-06-29 17:10:00,recommendation-cache,cache_refresh_rate,15.0,ops
160,2026-06-29 17:10:00,recommendation-cache,cache_evictions,4.0,count
161,2026-06-29 17:10:00,ranking-service,pod_cpu_percent,52.1,%
162,2026-06-29 17:10:00,ranking-service,pod_memory_percent,53.4,%
163,2026-06-29 17:10:00,business,recommendation_ctr,4.31,%
164,2026-06-29 17:10:00,business,homepage_load_time,339.01,ms
165,2026-06-29 17:11:00,recommendation-api,recommendation_requests_total,3218.0,count
166,2026-06-29 17:11:00,recommendation-api,recommendation_latency_ms,115.57,ms
167,2026-06-29 17:11:00,recommendation-api,recommendation_error_rate,0.021,%
168,2026-06-29 17:11:00,recommendation-db,db_cpu_percent,35.1,%
169,2026-06-29 17:11:00,recommendation-db,db_connection_count,33.0,count
170,2026-06-29 17:11:00,recommendation-db,db_read_qps,160.0,qps
171,2026-06-29 17:11:00,recommendation-db,db_write_qps,18.0,qps
172,2026-06-29 17:11:00,recommendation-db,db_query_latency_ms,4.2,ms
173,2026-06-29 17:11:00,recommendation-cache,cache_hit_rate,87.55,%
174,2026-06-29 17:11:00,recommendation-cache,cache_refresh_rate,17.0,ops
175,2026-06-29 17:11:00,recommendation-cache,cache_evictions,4.0,count
176,2026-06-29 17:11:00,ranking-service,pod_cpu_percent,48.8,%
177,2026-06-29 17:11:00,ranking-service,pod_memory_percent,53.3,%
178,2026-06-29 17:11:00,business,recommendation_ctr,4.15,%
179,2026-06-29 17:11:00,business,homepage_load_time,335.57,ms
180,2026-06-29 17:12:00,recommendation-api,recommendation_requests_total,3238.0,count
181,2026-06-29 17:12:00,recommendation-api,recommendation_latency_ms,122.87,ms
182,2026-06-29 17:12:00,recommendation-api,recommendation_error_rate,0.008,%
183,2026-06-29 17:12:00,recommendation-db,db_cpu_percent,37.0,%
184,2026-06-29 17:12:00,recommendation-db,db_connection_count,28.0,count
185,2026-06-29 17:12:00,recommendation-db,db_read_qps,162.0,qps
186,2026-06-29 17:12:00,recommendation-db,db_write_qps,17.0,qps
187,2026-06-29 17:12:00,recommendation-db,db_query_latency_ms,4.4,ms
188,2026-06-29 17:12:00,recommendation-cache,cache_hit_rate,87.47,%
189,2026-06-29 17:12:00,recommendation-cache,cache_refresh_rate,15.0,ops
190,2026-06-29 17:12:00,recommendation-cache,cache_evictions,4.0,count
191,2026-06-29 17:12:00,ranking-service,pod_cpu_percent,53.2,%
192,2026-06-29 17:12:00,ranking-service,pod_memory_percent,53.0,%
193,2026-06-29 17:12:00,business,recommendation_ctr,4.22,%
194,2026-06-29 17:12:00,business,homepage_load_time,342.87,ms
195,2026-06-29 17:13:00,recommendation-api,recommendation_requests_total,3257.0,count
196,2026-06-29 17:13:00,recommendation-api,recommendation_latency_ms,120.8,ms
197,2026-06-29 17:13:00,recommendation-api,recommendation_error_rate,0.023,%
198,2026-06-29 17:13:00,recommendation-db,db_cpu_percent,31.6,%
199,2026-06-29 17:13:00,recommendation-db,db_connection_count,24.0,count
200,2026-06-29 17:13:00,recommendation-db,db_read_qps,155.0,qps
201,2026-06-29 17:13:00,recommendation-db,db_write_qps,26.0,qps
202,2026-06-29 17:13:00,recommendation-db,db_query_latency_ms,4.66,ms
203,2026-06-29 17:13:00,recommendation-cache,cache_hit_rate,88.09,%
204,2026-06-29 17:13:00,recommendation-cache,cache_refresh_rate,15.0,ops
205,2026-06-29 17:13:00,recommendation-cache,cache_evictions,2.0,count
206,2026-06-29 17:13:00,ranking-service,pod_cpu_percent,50.3,%
207,2026-06-29 17:13:00,ranking-service,pod_memory_percent,53.3,%
208,2026-06-29 17:13:00,business,recommendation_ctr,4.23,%
209,2026-06-29 17:13:00,business,homepage_load_time,340.8,ms
210,2026-06-29 17:14:00,recommendation-api,recommendation_requests_total,3277.0,count
211,2026-06-29 17:14:00,recommendation-api,recommendation_latency_ms,114.52,ms
212,2026-06-29 17:14:00,recommendation-api,recommendation_error_rate,0.028,%
213,2026-06-29 17:14:00,recommendation-db,db_cpu_percent,35.2,%
214,2026-06-29 17:14:00,recommendation-db,db_connection_count,26.0,count
215,2026-06-29 17:14:00,recommendation-db,db_read_qps,155.0,qps
216,2026-06-29 17:14:00,recommendation-db,db_write_qps,30.0,qps
217,2026-06-29 17:14:00,recommendation-db,db_query_latency_ms,4.7,ms
218,2026-06-29 17:14:00,recommendation-cache,cache_hit_rate,88.15,%
219,2026-06-29 17:14:00,recommendation-cache,cache_refresh_rate,14.0,ops
220,2026-06-29 17:14:00,recommendation-cache,cache_evictions,4.0,count
221,2026-06-29 17:14:00,ranking-service,pod_cpu_percent,50.2,%
222,2026-06-29 17:14:00,ranking-service,pod_memory_percent,53.5,%
223,2026-06-29 17:14:00,business,recommendation_ctr,4.32,%
224,2026-06-29 17:14:00,business,homepage_load_time,334.52,ms
225,2026-06-29 17:15:00,recommendation-api,recommendation_requests_total,3296.0,count
226,2026-06-29 17:15:00,recommendation-api,recommendation_latency_ms,114.1,ms
227,2026-06-29 17:15:00,recommendation-api,recommendation_error_rate,0.012,%
228,2026-06-29 17:15:00,recommendation-db,db_cpu_percent,42.1,%
229,2026-06-29 17:15:00,recommendation-db,db_connection_count,31.0,count
230,2026-06-29 17:15:00,recommendation-db,db_read_qps,195.0,qps
231,2026-06-29 17:15:00,recommendation-db,db_write_qps,71.0,qps
232,2026-06-29 17:15:00,recommendation-db,db_query_latency_ms,4.27,ms
233,2026-06-29 17:15:00,recommendation-cache,cache_hit_rate,85.21,%
234,2026-06-29 17:15:00,recommendation-cache,cache_refresh_rate,45.0,ops
235,2026-06-29 17:15:00,recommendation-cache,cache_evictions,8.0,count
236,2026-06-29 17:15:00,ranking-service,pod_cpu_percent,52.0,%
237,2026-06-29 17:15:00,ranking-service,pod_memory_percent,53.4,%
238,2026-06-29 17:15:00,business,recommendation_ctr,4.19,%
239,2026-06-29 17:15:00,business,homepage_load_time,334.1,ms
240,2026-06-29 17:16:00,recommendation-api,recommendation_requests_total,3316.0,count
241,2026-06-29 17:16:00,recommendation-api,recommendation_latency_ms,123.76,ms
242,2026-06-29 17:16:00,recommendation-api,recommendation_error_rate,0.011,%
243,2026-06-29 17:16:00,recommendation-db,db_cpu_percent,41.1,%
244,2026-06-29 17:16:00,recommendation-db,db_connection_count,30.0,count
245,2026-06-29 17:16:00,recommendation-db,db_read_qps,194.0,qps
246,2026-06-29 17:16:00,recommendation-db,db_write_qps,69.0,qps
247,2026-06-29 17:16:00,recommendation-db,db_query_latency_ms,5.32,ms
248,2026-06-29 17:16:00,recommendation-cache,cache_hit_rate,85.31,%
249,2026-06-29 17:16:00,recommendation-cache,cache_refresh_rate,46.0,ops
250,2026-06-29 17:16:00,recommendation-cache,cache_evictions,5.0,count
251,2026-06-29 17:16:00,ranking-service,pod_cpu_percent,52.3,%
252,2026-06-29 17:16:00,ranking-service,pod_memory_percent,53.3,%
253,2026-06-29 17:16:00,business,recommendation_ctr,4.09,%
254,2026-06-29 17:16:00,business,homepage_load_time,343.76,ms
255,2026-06-29 17:17:00,recommendation-api,recommendation_requests_total,3335.0,count
256,2026-06-29 17:17:00,recommendation-api,recommendation_latency_ms,115.86,ms
257,2026-06-29 17:17:00,recommendation-api,recommendation_error_rate,0.029,%
258,2026-06-29 17:17:00,recommendation-db,db_cpu_percent,38.4,%
259,2026-06-29 17:17:00,recommendation-db,db_connection_count,28.0,count
260,2026-06-29 17:17:00,recommendation-db,db_read_qps,198.0,qps
261,2026-06-29 17:17:00,recommendation-db,db_write_qps,72.0,qps
262,2026-06-29 17:17:00,recommendation-db,db_query_latency_ms,4.05,ms
263,2026-06-29 17:17:00,recommendation-cache,cache_hit_rate,85.16,%
264,2026-06-29 17:17:00,recommendation-cache,cache_refresh_rate,47.0,ops
265,2026-06-29 17:17:00,recommendation-cache,cache_evictions,5.0,count
266,2026-06-29 17:17:00,ranking-service,pod_cpu_percent,49.8,%
267,2026-06-29 17:17:00,ranking-service,pod_memory_percent,53.4,%
268,2026-06-29 17:17:00,business,recommendation_ctr,4.22,%
269,2026-06-29 17:17:00,business,homepage_load_time,335.86,ms
270,2026-06-29 17:18:00,recommendation-api,recommendation_requests_total,3354.0,count
271,2026-06-29 17:18:00,recommendation-api,recommendation_latency_ms,120.1,ms
272,2026-06-29 17:18:00,recommendation-api,recommendation_error_rate,0.026,%
273,2026-06-29 17:18:00,recommendation-db,db_cpu_percent,38.8,%
274,2026-06-29 17:18:00,recommendation-db,db_connection_count,30.0,count
275,2026-06-29 17:18:00,recommendation-db,db_read_qps,202.0,qps
276,2026-06-29 17:18:00,recommendation-db,db_write_qps,67.0,qps
277,2026-06-29 17:18:00,recommendation-db,db_query_latency_ms,4.16,ms
278,2026-06-29 17:18:00,recommendation-cache,cache_hit_rate,84.89,%
279,2026-06-29 17:18:00,recommendation-cache,cache_refresh_rate,48.0,ops
280,2026-06-29 17:18:00,recommendation-cache,cache_evictions,5.0,count
281,2026-06-29 17:18:00,ranking-service,pod_cpu_percent,53.4,%
282,2026-06-29 17:18:00,ranking-service,pod_memory_percent,53.1,%
283,2026-06-29 17:18:00,business,recommendation_ctr,4.31,%
284,2026-06-29 17:18:00,business,homepage_load_time,340.1,ms
285,2026-06-29 17:19:00,recommendation-api,recommendation_requests_total,3373.0,count
286,2026-06-29 17:19:00,recommendation-api,recommendation_latency_ms,124.17,ms
287,2026-06-29 17:19:00,recommendation-api,recommendation_error_rate,0.031,%
288,2026-06-29 17:19:00,recommendation-db,db_cpu_percent,40.5,%
289,2026-06-29 17:19:00,recommendation-db,db_connection_count,32.0,count
290,2026-06-29 17:19:00,recommendation-db,db_read_qps,214.0,qps
291,2026-06-29 17:19:00,recommendation-db,db_write_qps,76.0,qps
292,2026-06-29 17:19:00,recommendation-db,db_query_latency_ms,5.66,ms
293,2026-06-29 17:19:00,recommendation-cache,cache_hit_rate,84.13,%
294,2026-06-29 17:19:00,recommendation-cache,cache_refresh_rate,49.0,ops
295,2026-06-29 17:19:00,recommendation-cache,cache_evictions,6.0,count
296,2026-06-29 17:19:00,ranking-service,pod_cpu_percent,52.8,%
297,2026-06-29 17:19:00,ranking-service,pod_memory_percent,53.3,%
298,2026-06-29 17:19:00,business,recommendation_ctr,4.3,%
299,2026-06-29 17:19:00,business,homepage_load_time,344.17,ms
300,2026-06-29 17:20:00,recommendation-api,recommendation_requests_total,3392.0,count
301,2026-06-29 17:20:00,recommendation-api,recommendation_latency_ms,130.62,ms
302,2026-06-29 17:20:00,recommendation-api,recommendation_error_rate,0.001,%
303,2026-06-29 17:20:00,recommendation-db,db_cpu_percent,38.4,%
304,2026-06-29 17:20:00,recommendation-db,db_connection_count,29.0,count
305,2026-06-29 17:20:00,recommendation-db,db_read_qps,205.0,qps
306,2026-06-29 17:20:00,recommendation-db,db_write_qps,72.0,qps
307,2026-06-29 17:20:00,recommendation-db,db_query_latency_ms,4.52,ms
308,2026-06-29 17:20:00,recommendation-cache,cache_hit_rate,84.88,%
309,2026-06-29 17:20:00,recommendation-cache,cache_refresh_rate,51.0,ops
310,2026-06-29 17:20:00,recommendation-cache,cache_evictions,6.0,count
311,2026-06-29 17:20:00,ranking-service,pod_cpu_percent,49.5,%
312,2026-06-29 17:20:00,ranking-service,pod_memory_percent,53.3,%
313,2026-06-29 17:20:00,business,recommendation_ctr,4.27,%
314,2026-06-29 17:20:00,business,homepage_load_time,350.62,ms
315,2026-06-29 17:21:00,recommendation-api,recommendation_requests_total,3411.0,count
316,2026-06-29 17:21:00,recommendation-api,recommendation_latency_ms,115.76,ms
317,2026-06-29 17:21:00,recommendation-api,recommendation_error_rate,0.022,%
318,2026-06-29 17:21:00,recommendation-db,db_cpu_percent,37.0,%
319,2026-06-29 17:21:00,recommendation-db,db_connection_count,28.0,count
320,2026-06-29 17:21:00,recommendation-db,db_read_qps,205.0,qps
321,2026-06-29 17:21:00,recommendation-db,db_write_qps,78.0,qps
322,2026-06-29 17:21:00,recommendation-db,db_query_latency_ms,4.7,ms
323,2026-06-29 17:21:00,recommendation-cache,cache_hit_rate,84.94,%
324,2026-06-29 17:21:00,recommendation-cache,cache_refresh_rate,52.0,ops
325,2026-06-29 17:21:00,recommendation-cache,cache_evictions,5.0,count
326,2026-06-29 17:21:00,ranking-service,pod_cpu_percent,51.1,%
327,2026-06-29 17:21:00,ranking-service,pod_memory_percent,53.8,%
328,2026-06-29 17:21:00,business,recommendation_ctr,4.2,%
329,2026-06-29 17:21:00,business,homepage_load_time,335.76,ms
330,2026-06-29 17:22:00,recommendation-api,recommendation_requests_total,3430.0,count
331,2026-06-29 17:22:00,recommendation-api,recommendation_latency_ms,115.55,ms
332,2026-06-29 17:22:00,recommendation-api,recommendation_error_rate,0.019,%
333,2026-06-29 17:22:00,recommendation-db,db_cpu_percent,39.4,%
334,2026-06-29 17:22:00,recommendation-db,db_connection_count,29.0,count
335,2026-06-29 17:22:00,recommendation-db,db_read_qps,211.0,qps
336,2026-06-29 17:22:00,recommendation-db,db_write_qps,69.0,qps
337,2026-06-29 17:22:00,recommendation-db,db_query_latency_ms,4.76,ms
338,2026-06-29 17:22:00,recommendation-cache,cache_hit_rate,84.62,%
339,2026-06-29 17:22:00,recommendation-cache,cache_refresh_rate,53.0,ops
340,2026-06-29 17:22:00,recommendation-cache,cache_evictions,6.0,count
341,2026-06-29 17:22:00,ranking-service,pod_cpu_percent,53.5,%
342,2026-06-29 17:22:00,ranking-service,pod_memory_percent,53.1,%
343,2026-06-29 17:22:00,business,recommendation_ctr,4.25,%
344,2026-06-29 17:22:00,business,homepage_load_time,335.55,ms
345,2026-06-29 17:23:00,recommendation-api,recommendation_requests_total,3448.0,count
346,2026-06-29 17:23:00,recommendation-api,recommendation_latency_ms,112.94,ms
347,2026-06-29 17:23:00,recommendation-api,recommendation_error_rate,0.029,%
348,2026-06-29 17:23:00,recommendation-db,db_cpu_percent,38.6,%
349,2026-06-29 17:23:00,recommendation-db,db_connection_count,33.0,count
350,2026-06-29 17:23:00,recommendation-db,db_read_qps,220.0,qps
351,2026-06-29 17:23:00,recommendation-db,db_write_qps,78.0,qps
352,2026-06-29 17:23:00,recommendation-db,db_query_latency_ms,4.62,ms
353,2026-06-29 17:23:00,recommendation-cache,cache_hit_rate,84.03,%
354,2026-06-29 17:23:00,recommendation-cache,cache_refresh_rate,54.0,ops
355,2026-06-29 17:23:00,recommendation-cache,cache_evictions,8.0,count
356,2026-06-29 17:23:00,ranking-service,pod_cpu_percent,53.8,%
357,2026-06-29 17:23:00,ranking-service,pod_memory_percent,53.1,%
358,2026-06-29 17:23:00,business,recommendation_ctr,4.41,%
359,2026-06-29 17:23:00,business,homepage_load_time,332.94,ms
360,2026-06-29 17:24:00,recommendation-api,recommendation_requests_total,3467.0,count
361,2026-06-29 17:24:00,recommendation-api,recommendation_latency_ms,114.83,ms
362,2026-06-29 17:24:00,recommendation-api,recommendation_error_rate,0.019,%
363,2026-06-29 17:24:00,recommendation-db,db_cpu_percent,39.1,%
364,2026-06-29 17:24:00,recommendation-db,db_connection_count,31.0,count
365,2026-06-29 17:24:00,recommendation-db,db_read_qps,223.0,qps
366,2026-06-29 17:24:00,recommendation-db,db_write_qps,88.0,qps
367,2026-06-29 17:24:00,recommendation-db,db_query_latency_ms,4.73,ms
368,2026-06-29 17:24:00,recommendation-cache,cache_hit_rate,83.86,%
369,2026-06-29 17:24:00,recommendation-cache,cache_refresh_rate,55.0,ops
370,2026-06-29 17:24:00,recommendation-cache,cache_evictions,6.0,count
371,2026-06-29 17:24:00,ranking-service,pod_cpu_percent,50.8,%
372,2026-06-29 17:24:00,ranking-service,pod_memory_percent,53.3,%
373,2026-06-29 17:24:00,business,recommendation_ctr,3.88,%
374,2026-06-29 17:24:00,business,homepage_load_time,334.83,ms
375,2026-06-29 17:25:00,recommendation-api,recommendation_requests_total,3485.0,count
376,2026-06-29 17:25:00,recommendation-api,recommendation_latency_ms,126.28,ms
377,2026-06-29 17:25:00,recommendation-api,recommendation_error_rate,0.006,%
378,2026-06-29 17:25:00,recommendation-db,db_cpu_percent,38.3,%
379,2026-06-29 17:25:00,recommendation-db,db_connection_count,29.0,count
380,2026-06-29 17:25:00,recommendation-db,db_read_qps,231.0,qps
381,2026-06-29 17:25:00,recommendation-db,db_write_qps,93.0,qps
382,2026-06-29 17:25:00,recommendation-db,db_query_latency_ms,4.54,ms
383,2026-06-29 17:25:00,recommendation-cache,cache_hit_rate,83.38,%
384,2026-06-29 17:25:00,recommendation-cache,cache_refresh_rate,57.0,ops
385,2026-06-29 17:25:00,recommendation-cache,cache_evictions,8.0,count
386,2026-06-29 17:25:00,ranking-service,pod_cpu_percent,52.4,%
387,2026-06-29 17:25:00,ranking-service,pod_memory_percent,53.2,%
388,2026-06-29 17:25:00,business,recommendation_ctr,4.32,%
389,2026-06-29 17:25:00,business,homepage_load_time,346.28,ms
390,2026-06-29 17:26:00,recommendation-api,recommendation_requests_total,3503.0,count
391,2026-06-29 17:26:00,recommendation-api,recommendation_latency_ms,119.34,ms
392,2026-06-29 17:26:00,recommendation-api,recommendation_error_rate,0.027,%
393,2026-06-29 17:26:00,recommendation-db,db_cpu_percent,39.2,%
394,2026-06-29 17:26:00,recommendation-db,db_connection_count,30.0,count
395,2026-06-29 17:26:00,recommendation-db,db_read_qps,222.0,qps
396,2026-06-29 17:26:00,recommendation-db,db_write_qps,87.0,qps
397,2026-06-29 17:26:00,recommendation-db,db_query_latency_ms,4.38,ms
398,2026-06-29 17:26:00,recommendation-cache,cache_hit_rate,84.13,%
399,2026-06-29 17:26:00,recommendation-cache,cache_refresh_rate,58.0,ops
400,2026-06-29 17:26:00,recommendation-cache,cache_evictions,7.0,count
401,2026-06-29 17:26:00,ranking-service,pod_cpu_percent,50.7,%
402,2026-06-29 17:26:00,ranking-service,pod_memory_percent,53.8,%
403,2026-06-29 17:26:00,business,recommendation_ctr,4.36,%
404,2026-06-29 17:26:00,business,homepage_load_time,339.34,ms
405,2026-06-29 17:27:00,recommendation-api,recommendation_requests_total,3521.0,count
406,2026-06-29 17:27:00,recommendation-api,recommendation_latency_ms,117.59,ms
407,2026-06-29 17:27:00,recommendation-api,recommendation_error_rate,0.015,%
408,2026-06-29 17:27:00,recommendation-db,db_cpu_percent,42.6,%
409,2026-06-29 17:27:00,recommendation-db,db_connection_count,32.0,count
410,2026-06-29 17:27:00,recommendation-db,db_read_qps,241.0,qps
411,2026-06-29 17:27:00,recommendation-db,db_write_qps,87.0,qps
412,2026-06-29 17:27:00,recommendation-db,db_query_latency_ms,4.31,ms
413,2026-06-29 17:27:00,recommendation-cache,cache_hit_rate,82.82,%
414,2026-06-29 17:27:00,recommendation-cache,cache_refresh_rate,59.0,ops
415,2026-06-29 17:27:00,recommendation-cache,cache_evictions,5.0,count
416,2026-06-29 17:27:00,ranking-service,pod_cpu_percent,53.9,%
417,2026-06-29 17:27:00,ranking-service,pod_memory_percent,53.5,%
418,2026-06-29 17:27:00,business,recommendation_ctr,4.14,%
419,2026-06-29 17:27:00,business,homepage_load_time,337.59,ms
420,2026-06-29 17:28:00,recommendation-api,recommendation_requests_total,3539.0,count
421,2026-06-29 17:28:00,recommendation-api,recommendation_latency_ms,115.23,ms
422,2026-06-29 17:28:00,recommendation-api,recommendation_error_rate,0.014,%
423,2026-06-29 17:28:00,recommendation-db,db_cpu_percent,42.1,%
424,2026-06-29 17:28:00,recommendation-db,db_connection_count,33.0,count
425,2026-06-29 17:28:00,recommendation-db,db_read_qps,235.0,qps
426,2026-06-29 17:28:00,recommendation-db,db_write_qps,94.0,qps
427,2026-06-29 17:28:00,recommendation-db,db_query_latency_ms,4.69,ms
428,2026-06-29 17:28:00,recommendation-cache,cache_hit_rate,83.35,%
429,2026-06-29 17:28:00,recommendation-cache,cache_refresh_rate,60.0,ops
430,2026-06-29 17:28:00,recommendation-cache,cache_evictions,6.0,count
431,2026-06-29 17:28:00,ranking-service,pod_cpu_percent,53.6,%
432,2026-06-29 17:28:00,ranking-service,pod_memory_percent,53.4,%
433,2026-06-29 17:28:00,business,recommendation_ctr,4.27,%
434,2026-06-29 17:28:00,business,homepage_load_time,335.23,ms
435,2026-06-29 17:29:00,recommendation-api,recommendation_requests_total,3557.0,count
436,2026-06-29 17:29:00,recommendation-api,recommendation_latency_ms,117.79,ms
437,2026-06-29 17:29:00,recommendation-api,recommendation_error_rate,0.031,%
438,2026-06-29 17:29:00,recommendation-db,db_cpu_percent,40.3,%
439,2026-06-29 17:29:00,recommendation-db,db_connection_count,32.0,count
440,2026-06-29 17:29:00,recommendation-db,db_read_qps,232.0,qps
441,2026-06-29 17:29:00,recommendation-db,db_write_qps,97.0,qps
442,2026-06-29 17:29:00,recommendation-db,db_query_latency_ms,4.44,ms
443,2026-06-29 17:29:00,recommendation-cache,cache_hit_rate,83.66,%
444,2026-06-29 17:29:00,recommendation-cache,cache_refresh_rate,61.0,ops
445,2026-06-29 17:29:00,recommendation-cache,cache_evictions,8.0,count
446,2026-06-29 17:29:00,ranking-service,pod_cpu_percent,54.0,%
447,2026-06-29 17:29:00,ranking-service,pod_memory_percent,53.7,%
448,2026-06-29 17:29:00,business,recommendation_ctr,4.28,%
449,2026-06-29 17:29:00,business,homepage_load_time,337.79,ms
450,2026-06-29 17:30:00,recommendation-api,recommendation_requests_total,3575.0,count
451,2026-06-29 17:30:00,recommendation-api,recommendation_latency_ms,119.41,ms
452,2026-06-29 17:30:00,recommendation-api,recommendation_error_rate,0.026,%
453,2026-06-29 17:30:00,recommendation-db,db_cpu_percent,41.0,%
454,2026-06-29 17:30:00,recommendation-db,db_connection_count,32.0,count
455,2026-06-29 17:30:00,recommendation-db,db_read_qps,235.0,qps
456,2026-06-29 17:30:00,recommendation-db,db_write_qps,97.0,qps
457,2026-06-29 17:30:00,recommendation-db,db_query_latency_ms,4.46,ms
458,2026-06-29 17:30:00,recommendation-cache,cache_hit_rate,83.51,%
459,2026-06-29 17:30:00,recommendation-cache,cache_refresh_rate,63.0,ops
460,2026-06-29 17:30:00,recommendation-cache,cache_evictions,7.0,count
461,2026-06-29 17:30:00,ranking-service,pod_cpu_percent,56.0,%
462,2026-06-29 17:30:00,ranking-service,pod_memory_percent,53.2,%
463,2026-06-29 17:30:00,business,recommendation_ctr,4.12,%
464,2026-06-29 17:30:00,business,homepage_load_time,339.41,ms
465,2026-06-29 17:31:00,recommendation-api,recommendation_requests_total,3592.0,count
466,2026-06-29 17:31:00,recommendation-api,recommendation_latency_ms,119.32,ms
467,2026-06-29 17:31:00,recommendation-api,recommendation_error_rate,0.011,%
468,2026-06-29 17:31:00,recommendation-db,db_cpu_percent,44.0,%
469,2026-06-29 17:31:00,recommendation-db,db_connection_count,33.0,count
470,2026-06-29 17:31:00,recommendation-db,db_read_qps,247.0,qps
471,2026-06-29 17:31:00,recommendation-db,db_write_qps,101.0,qps
472,2026-06-29 17:31:00,recommendation-db,db_query_latency_ms,4.69,ms
473,2026-06-29 17:31:00,recommendation-cache,cache_hit_rate,82.79,%
474,2026-06-29 17:31:00,recommendation-cache,cache_refresh_rate,64.0,ops
475,2026-06-29 17:31:00,recommendation-cache,cache_evictions,7.0,count
476,2026-06-29 17:31:00,ranking-service,pod_cpu_percent,51.9,%
477,2026-06-29 17:31:00,ranking-service,pod_memory_percent,53.6,%
478,2026-06-29 17:31:00,business,recommendation_ctr,4.21,%
479,2026-06-29 17:31:00,business,homepage_load_time,339.32,ms
480,2026-06-29 17:32:00,recommendation-api,recommendation_requests_total,3610.0,count
481,2026-06-29 17:32:00,recommendation-api,recommendation_latency_ms,114.55,ms
482,2026-06-29 17:32:00,recommendation-api,recommendation_error_rate,0.022,%
483,2026-06-29 17:32:00,recommendation-db,db_cpu_percent,41.1,%
484,2026-06-29 17:32:00,recommendation-db,db_connection_count,32.0,count
485,2026-06-29 17:32:00,recommendation-db,db_read_qps,242.0,qps
486,2026-06-29 17:32:00,recommendation-db,db_write_qps,93.0,qps
487,2026-06-29 17:32:00,recommendation-db,db_query_latency_ms,4.33,ms
488,2026-06-29 17:32:00,recommendation-cache,cache_hit_rate,83.23,%
489,2026-06-29 17:32:00,recommendation-cache,cache_refresh_rate,65.0,ops
490,2026-06-29 17:32:00,recommendation-cache,cache_evictions,6.0,count
491,2026-06-29 17:32:00,ranking-service,pod_cpu_percent,52.3,%
492,2026-06-29 17:32:00,ranking-service,pod_memory_percent,53.3,%
493,2026-06-29 17:32:00,business,recommendation_ctr,4.22,%
494,2026-06-29 17:32:00,business,homepage_load_time,334.55,ms
495,2026-06-29 17:33:00,recommendation-api,recommendation_requests_total,3627.0,count
496,2026-06-29 17:33:00,recommendation-api,recommendation_latency_ms,120.43,ms
497,2026-06-29 17:33:00,recommendation-api,recommendation_error_rate,0.035,%
498,2026-06-29 17:33:00,recommendation-db,db_cpu_percent,38.8,%
499,2026-06-29 17:33:00,recommendation-db,db_connection_count,29.0,count
500,2026-06-29 17:33:00,recommendation-db,db_read_qps,242.0,qps
501,2026-06-29 17:33:00,recommendation-db,db_write_qps,91.0,qps
502,2026-06-29 17:33:00,recommendation-db,db_query_latency_ms,4.44,ms
503,2026-06-29 17:33:00,recommendation-cache,cache_hit_rate,83.32,%
504,2026-06-29 17:33:00,recommendation-cache,cache_refresh_rate,66.0,ops
505,2026-06-29 17:33:00,recommendation-cache,cache_evictions,6.0,count
506,2026-06-29 17:33:00,ranking-service,pod_cpu_percent,52.9,%
507,2026-06-29 17:33:00,ranking-service,pod_memory_percent,53.4,%
508,2026-06-29 17:33:00,business,recommendation_ctr,4.29,%
509,2026-06-29 17:33:00,business,homepage_load_time,340.43,ms
510,2026-06-29 17:34:00,recommendation-api,recommendation_requests_total,3644.0,count
511,2026-06-29 17:34:00,recommendation-api,recommendation_latency_ms,121.1,ms
512,2026-06-29 17:34:00,recommendation-api,recommendation_error_rate,0.035,%
513,2026-06-29 17:34:00,recommendation-db,db_cpu_percent,42.1,%
514,2026-06-29 17:34:00,recommendation-db,db_connection_count,32.0,count
515,2026-06-29 17:34:00,recommendation-db,db_read_qps,253.0,qps
516,2026-06-29 17:34:00,recommendation-db,db_write_qps,100.0,qps
517,2026-06-29 17:34:00,recommendation-db,db_query_latency_ms,4.25,ms
518,2026-06-29 17:34:00,recommendation-cache,cache_hit_rate,82.6,%
519,2026-06-29 17:34:00,recommendation-cache,cache_refresh_rate,67.0,ops
520,2026-06-29 17:34:00,recommendation-cache,cache_evictions,7.0,count
521,2026-06-29 17:34:00,ranking-service,pod_cpu_percent,53.8,%
522,2026-06-29 17:34:00,ranking-service,pod_memory_percent,53.6,%
523,2026-06-29 17:34:00,business,recommendation_ctr,4.19,%
524,2026-06-29 17:34:00,business,homepage_load_time,341.1,ms
525,2026-06-29 17:35:00,recommendation-api,recommendation_requests_total,3660.0,count
526,2026-06-29 17:35:00,recommendation-api,recommendation_latency_ms,118.66,ms
527,2026-06-29 17:35:00,recommendation-api,recommendation_error_rate,0.025,%
528,2026-06-29 17:35:00,recommendation-db,db_cpu_percent,42.8,%
529,2026-06-29 17:35:00,recommendation-db,db_connection_count,32.0,count
530,2026-06-29 17:35:00,recommendation-db,db_read_qps,251.0,qps
531,2026-06-29 17:35:00,recommendation-db,db_write_qps,104.0,qps
532,2026-06-29 17:35:00,recommendation-db,db_query_latency_ms,4.27,ms
533,2026-06-29 17:35:00,recommendation-cache,cache_hit_rate,82.8,%
534,2026-06-29 17:35:00,recommendation-cache,cache_refresh_rate,69.0,ops
535,2026-06-29 17:35:00,recommendation-cache,cache_evictions,5.0,count
536,2026-06-29 17:35:00,ranking-service,pod_cpu_percent,54.7,%
537,2026-06-29 17:35:00,ranking-service,pod_memory_percent,53.9,%
538,2026-06-29 17:35:00,business,recommendation_ctr,4.35,%
539,2026-06-29 17:35:00,business,homepage_load_time,338.66,ms
540,2026-06-29 17:36:00,recommendation-api,recommendation_requests_total,3677.0,count
541,2026-06-29 17:36:00,recommendation-api,recommendation_latency_ms,114.32,ms
542,2026-06-29 17:36:00,recommendation-api,recommendation_error_rate,0.014,%
543,2026-06-29 17:36:00,recommendation-db,db_cpu_percent,43.7,%
544,2026-06-29 17:36:00,recommendation-db,db_connection_count,36.0,count
545,2026-06-29 17:36:00,recommendation-db,db_read_qps,257.0,qps
546,2026-06-29 17:36:00,recommendation-db,db_write_qps,109.0,qps
547,2026-06-29 17:36:00,recommendation-db,db_query_latency_ms,4.26,ms
548,2026-06-29 17:36:00,recommendation-cache,cache_hit_rate,82.52,%
549,2026-06-29 17:36:00,recommendation-cache,cache_refresh_rate,70.0,ops
550,2026-06-29 17:36:00,recommendation-cache,cache_evictions,5.0,count
551,2026-06-29 17:36:00,ranking-service,pod_cpu_percent,52.6,%
552,2026-06-29 17:36:00,ranking-service,pod_memory_percent,53.3,%
553,2026-06-29 17:36:00,business,recommendation_ctr,3.99,%
554,2026-06-29 17:36:00,business,homepage_load_time,334.32,ms
555,2026-06-29 17:37:00,recommendation-api,recommendation_requests_total,3693.0,count
556,2026-06-29 17:37:00,recommendation-api,recommendation_latency_ms,114.16,ms
557,2026-06-29 17:37:00,recommendation-api,recommendation_error_rate,0.025,%
558,2026-06-29 17:37:00,recommendation-db,db_cpu_percent,46.8,%
559,2026-06-29 17:37:00,recommendation-db,db_connection_count,35.0,count
560,2026-06-29 17:37:00,recommendation-db,db_read_qps,252.0,qps
561,2026-06-29 17:37:00,recommendation-db,db_write_qps,108.0,qps
562,2026-06-29 17:37:00,recommendation-db,db_query_latency_ms,4.33,ms
563,2026-06-29 17:37:00,recommendation-cache,cache_hit_rate,82.88,%
564,2026-06-29 17:37:00,recommendation-cache,cache_refresh_rate,71.0,ops
565,2026-06-29 17:37:00,recommendation-cache,cache_evictions,8.0,count
566,2026-06-29 17:37:00,ranking-service,pod_cpu_percent,56.2,%
567,2026-06-29 17:37:00,ranking-service,pod_memory_percent,53.7,%
568,2026-06-29 17:37:00,business,recommendation_ctr,4.07,%
569,2026-06-29 17:37:00,business,homepage_load_time,334.16,ms
570,2026-06-29 17:38:00,recommendation-api,recommendation_requests_total,3710.0,count
571,2026-06-29 17:38:00,recommendation-api,recommendation_latency_ms,111.77,ms
572,2026-06-29 17:38:00,recommendation-api,recommendation_error_rate,0.014,%
573,2026-06-29 17:38:00,recommendation-db,db_cpu_percent,45.7,%
574,2026-06-29 17:38:00,recommendation-db,db_connection_count,33.0,count
575,2026-06-29 17:38:00,recommendation-db,db_read_qps,260.0,qps
576,2026-06-29 17:38:00,recommendation-db,db_write_qps,99.0,qps
577,2026-06-29 17:38:00,recommendation-db,db_query_latency_ms,4.87,ms
578,2026-06-29 17:38:00,recommendation-cache,cache_hit_rate,82.47,%
579,2026-06-29 17:38:00,recommendation-cache,cache_refresh_rate,72.0,ops
580,2026-06-29 17:38:00,recommendation-cache,cache_evictions,5.0,count
581,2026-06-29 17:38:00,ranking-service,pod_cpu_percent,53.6,%
582,2026-06-29 17:38:00,ranking-service,pod_memory_percent,53.4,%
583,2026-06-29 17:38:00,business,recommendation_ctr,4.2,%
584,2026-06-29 17:38:00,business,homepage_load_time,331.77,ms
585,2026-06-29 17:39:00,recommendation-api,recommendation_requests_total,3726.0,count
586,2026-06-29 17:39:00,recommendation-api,recommendation_latency_ms,122.87,ms
587,2026-06-29 17:39:00,recommendation-api,recommendation_error_rate,0.009,%
588,2026-06-29 17:39:00,recommendation-db,db_cpu_percent,42.6,%
589,2026-06-29 17:39:00,recommendation-db,db_connection_count,32.0,count
590,2026-06-29 17:39:00,recommendation-db,db_read_qps,254.0,qps
591,2026-06-29 17:39:00,recommendation-db,db_write_qps,104.0,qps
592,2026-06-29 17:39:00,recommendation-db,db_query_latency_ms,4.65,ms
593,2026-06-29 17:39:00,recommendation-cache,cache_hit_rate,82.91,%
594,2026-06-29 17:39:00,recommendation-cache,cache_refresh_rate,73.0,ops
595,2026-06-29 17:39:00,recommendation-cache,cache_evictions,7.0,count
596,2026-06-29 17:39:00,ranking-service,pod_cpu_percent,55.5,%
597,2026-06-29 17:39:00,ranking-service,pod_memory_percent,53.6,%
598,2026-06-29 17:39:00,business,recommendation_ctr,4.05,%
599,2026-06-29 17:39:00,business,homepage_load_time,342.87,ms
600,2026-06-29 17:40:00,recommendation-api,recommendation_requests_total,3742.0,count
601,2026-06-29 17:40:00,recommendation-api,recommendation_latency_ms,129.34,ms
602,2026-06-29 17:40:00,recommendation-api,recommendation_error_rate,0.038,%
603,2026-06-29 17:40:00,recommendation-db,db_cpu_percent,44.6,%
604,2026-06-29 17:40:00,recommendation-db,db_connection_count,35.0,count
605,2026-06-29 17:40:00,recommendation-db,db_read_qps,267.0,qps
606,2026-06-29 17:40:00,recommendation-db,db_write_qps,120.0,qps
607,2026-06-29 17:40:00,recommendation-db,db_query_latency_ms,4.52,ms
608,2026-06-29 17:40:00,recommendation-cache,cache_hit_rate,82.13,%
609,2026-06-29 17:40:00,recommendation-cache,cache_refresh_rate,75.0,ops
610,2026-06-29 17:40:00,recommendation-cache,cache_evictions,7.0,count
611,2026-06-29 17:40:00,ranking-service,pod_cpu_percent,55.2,%
612,2026-06-29 17:40:00,ranking-service,pod_memory_percent,53.6,%
613,2026-06-29 17:40:00,business,recommendation_ctr,4.18,%
614,2026-06-29 17:40:00,business,homepage_load_time,349.34,ms
615,2026-06-29 17:41:00,recommendation-api,recommendation_requests_total,3757.0,count
616,2026-06-29 17:41:00,recommendation-api,recommendation_latency_ms,112.03,ms
617,2026-06-29 17:41:00,recommendation-api,recommendation_error_rate,0.0,%
618,2026-06-29 17:41:00,recommendation-db,db_cpu_percent,44.5,%
619,2026-06-29 17:41:00,recommendation-db,db_connection_count,34.0,count
620,2026-06-29 17:41:00,recommendation-db,db_read_qps,254.0,qps
621,2026-06-29 17:41:00,recommendation-db,db_write_qps,109.0,qps
622,2026-06-29 17:41:00,recommendation-db,db_query_latency_ms,3.97,ms
623,2026-06-29 17:41:00,recommendation-cache,cache_hit_rate,83.08,%
624,2026-06-29 17:41:00,recommendation-cache,cache_refresh_rate,76.0,ops
625,2026-06-29 17:41:00,recommendation-cache,cache_evictions,7.0,count
626,2026-06-29 17:41:00,ranking-service,pod_cpu_percent,54.9,%
627,2026-06-29 17:41:00,ranking-service,pod_memory_percent,53.8,%
628,2026-06-29 17:41:00,business,recommendation_ctr,4.17,%
629,2026-06-29 17:41:00,business,homepage_load_time,332.03,ms
630,2026-06-29 17:42:00,recommendation-api,recommendation_requests_total,3773.0,count
631,2026-06-29 17:42:00,recommendation-api,recommendation_latency_ms,120.89,ms
632,2026-06-29 17:42:00,recommendation-api,recommendation_error_rate,0.02,%
633,2026-06-29 17:42:00,recommendation-db,db_cpu_percent,41.7,%
634,2026-06-29 17:42:00,recommendation-db,db_connection_count,28.0,count
635,2026-06-29 17:42:00,recommendation-db,db_read_qps,266.0,qps
636,2026-06-29 17:42:00,recommendation-db,db_write_qps,123.0,qps
637,2026-06-29 17:42:00,recommendation-db,db_query_latency_ms,4.48,ms
638,2026-06-29 17:42:00,recommendation-cache,cache_hit_rate,82.34,%
639,2026-06-29 17:42:00,recommendation-cache,cache_refresh_rate,77.0,ops
640,2026-06-29 17:42:00,recommendation-cache,cache_evictions,5.0,count
641,2026-06-29 17:42:00,ranking-service,pod_cpu_percent,53.7,%
642,2026-06-29 17:42:00,ranking-service,pod_memory_percent,53.2,%
643,2026-06-29 17:42:00,business,recommendation_ctr,3.99,%
644,2026-06-29 17:42:00,business,homepage_load_time,340.89,ms
645,2026-06-29 17:43:00,recommendation-api,recommendation_requests_total,3788.0,count
646,2026-06-29 17:43:00,recommendation-api,recommendation_latency_ms,118.05,ms
647,2026-06-29 17:43:00,recommendation-api,recommendation_error_rate,0.03,%
648,2026-06-29 17:43:00,recommendation-db,db_cpu_percent,42.2,%
649,2026-06-29 17:43:00,recommendation-db,db_connection_count,30.0,count
650,2026-06-29 17:43:00,recommendation-db,db_read_qps,264.0,qps
651,2026-06-29 17:43:00,recommendation-db,db_write_qps,118.0,qps
652,2026-06-29 17:43:00,recommendation-db,db_query_latency_ms,4.18,ms
653,2026-06-29 17:43:00,recommendation-cache,cache_hit_rate,82.53,%
654,2026-06-29 17:43:00,recommendation-cache,cache_refresh_rate,78.0,ops
655,2026-06-29 17:43:00,recommendation-cache,cache_evictions,8.0,count
656,2026-06-29 17:43:00,ranking-service,pod_cpu_percent,54.7,%
657,2026-06-29 17:43:00,ranking-service,pod_memory_percent,53.4,%
658,2026-06-29 17:43:00,business,recommendation_ctr,4.1,%
659,2026-06-29 17:43:00,business,homepage_load_time,338.05,ms
660,2026-06-29 17:44:00,recommendation-api,recommendation_requests_total,3803.0,count
661,2026-06-29 17:44:00,recommendation-api,recommendation_latency_ms,128.1,ms
662,2026-06-29 17:44:00,recommendation-api,recommendation_error_rate,0.02,%
663,2026-06-29 17:44:00,recommendation-db,db_cpu_percent,42.7,%
664,2026-06-29 17:44:00,recommendation-db,db_connection_count,30.0,count
665,2026-06-29 17:44:00,recommendation-db,db_read_qps,278.0,qps
666,2026-06-29 17:44:00,recommendation-db,db_write_qps,117.0,qps
667,2026-06-29 17:44:00,recommendation-db,db_query_latency_ms,4.14,ms
668,2026-06-29 17:44:00,recommendation-cache,cache_hit_rate,81.7,%
669,2026-06-29 17:44:00,recommendation-cache,cache_refresh_rate,79.0,ops
670,2026-06-29 17:44:00,recommendation-cache,cache_evictions,5.0,count
671,2026-06-29 17:44:00,ranking-service,pod_cpu_percent,54.3,%
672,2026-06-29 17:44:00,ranking-service,pod_memory_percent,53.5,%
673,2026-06-29 17:44:00,business,recommendation_ctr,4.13,%
674,2026-06-29 17:44:00,business,homepage_load_time,348.1,ms
675,2026-06-29 17:45:00,recommendation-api,recommendation_requests_total,3817.0,count
676,2026-06-29 17:45:00,recommendation-api,recommendation_latency_ms,117.28,ms
677,2026-06-29 17:45:00,recommendation-api,recommendation_error_rate,0.0,%
678,2026-06-29 17:45:00,recommendation-db,db_cpu_percent,46.5,%
679,2026-06-29 17:45:00,recommendation-db,db_connection_count,32.0,count
680,2026-06-29 17:45:00,recommendation-db,db_read_qps,276.0,qps
681,2026-06-29 17:45:00,recommendation-db,db_write_qps,124.0,qps
682,2026-06-29 17:45:00,recommendation-db,db_query_latency_ms,4.33,ms
683,2026-06-29 17:45:00,recommendation-cache,cache_hit_rate,81.89,%
684,2026-06-29 17:45:00,recommendation-cache,cache_refresh_rate,81.0,ops
685,2026-06-29 17:45:00,recommendation-cache,cache_evictions,8.0,count
686,2026-06-29 17:45:00,ranking-service,pod_cpu_percent,56.1,%
687,2026-06-29 17:45:00,ranking-service,pod_memory_percent,53.9,%
688,2026-06-29 17:45:00,business,recommendation_ctr,4.05,%
689,2026-06-29 17:45:00,business,homepage_load_time,337.28,ms
690,2026-06-29 17:46:00,recommendation-api,recommendation_requests_total,4011.0,count
691,2026-06-29 17:46:00,recommendation-api,recommendation_latency_ms,119.03,ms
692,2026-06-29 17:46:00,recommendation-api,recommendation_error_rate,0.01,%
693,2026-06-29 17:46:00,recommendation-db,db_cpu_percent,46.5,%
694,2026-06-29 17:46:00,recommendation-db,db_connection_count,39.0,count
695,2026-06-29 17:46:00,recommendation-db,db_read_qps,292.0,qps
696,2026-06-29 17:46:00,recommendation-db,db_write_qps,125.0,qps
697,2026-06-29 17:46:00,recommendation-db,db_query_latency_ms,4.84,ms
698,2026-06-29 17:46:00,recommendation-cache,cache_hit_rate,81.78,%
699,2026-06-29 17:46:00,recommendation-cache,cache_refresh_rate,82.0,ops
700,2026-06-29 17:46:00,recommendation-cache,cache_evictions,5.0,count
701,2026-06-29 17:46:00,ranking-service,pod_cpu_percent,55.4,%
702,2026-06-29 17:46:00,ranking-service,pod_memory_percent,53.5,%
703,2026-06-29 17:46:00,business,recommendation_ctr,4.04,%
704,2026-06-29 17:46:00,business,homepage_load_time,339.03,ms
705,2026-06-29 17:47:00,recommendation-api,recommendation_requests_total,4205.0,count
706,2026-06-29 17:47:00,recommendation-api,recommendation_latency_ms,119.49,ms
707,2026-06-29 17:47:00,recommendation-api,recommendation_error_rate,0.035,%
708,2026-06-29 17:47:00,recommendation-db,db_cpu_percent,44.8,%
709,2026-06-29 17:47:00,recommendation-db,db_connection_count,36.0,count
710,2026-06-29 17:47:00,recommendation-db,db_read_qps,318.0,qps
711,2026-06-29 17:47:00,recommendation-db,db_write_qps,121.0,qps
712,2026-06-29 17:47:00,recommendation-db,db_query_latency_ms,4.76,ms
713,2026-06-29 17:47:00,recommendation-cache,cache_hit_rate,81.09,%
714,2026-06-29 17:47:00,recommendation-cache,cache_refresh_rate,83.0,ops
715,2026-06-29 17:47:00,recommendation-cache,cache_evictions,7.0,count
716,2026-06-29 17:47:00,ranking-service,pod_cpu_percent,54.7,%
717,2026-06-29 17:47:00,ranking-service,pod_memory_percent,54.0,%
718,2026-06-29 17:47:00,business,recommendation_ctr,4.21,%
719,2026-06-29 17:47:00,business,homepage_load_time,339.49,ms
720,2026-06-29 17:48:00,recommendation-api,recommendation_requests_total,4401.0,count
721,2026-06-29 17:48:00,recommendation-api,recommendation_latency_ms,122.8,ms
722,2026-06-29 17:48:00,recommendation-api,recommendation_error_rate,0.039,%
723,2026-06-29 17:48:00,recommendation-db,db_cpu_percent,46.5,%
724,2026-06-29 17:48:00,recommendation-db,db_connection_count,31.0,count
725,2026-06-29 17:48:00,recommendation-db,db_read_qps,317.0,qps
726,2026-06-29 17:48:00,recommendation-db,db_write_qps,120.0,qps
727,2026-06-29 17:48:00,recommendation-db,db_query_latency_ms,4.09,ms
728,2026-06-29 17:48:00,recommendation-cache,cache_hit_rate,81.97,%
729,2026-06-29 17:48:00,recommendation-cache,cache_refresh_rate,84.0,ops
730,2026-06-29 17:48:00,recommendation-cache,cache_evictions,7.0,count
731,2026-06-29 17:48:00,ranking-service,pod_cpu_percent,57.9,%
732,2026-06-29 17:48:00,ranking-service,pod_memory_percent,53.6,%
733,2026-06-29 17:48:00,business,recommendation_ctr,4.06,%
734,2026-06-29 17:48:00,business,homepage_load_time,342.8,ms
735,2026-06-29 17:49:00,recommendation-api,recommendation_requests_total,4597.0,count
736,2026-06-29 17:49:00,recommendation-api,recommendation_latency_ms,119.85,ms
737,2026-06-29 17:49:00,recommendation-api,recommendation_error_rate,0.019,%
738,2026-06-29 17:49:00,recommendation-db,db_cpu_percent,46.6,%
739,2026-06-29 17:49:00,recommendation-db,db_connection_count,33.0,count
740,2026-06-29 17:49:00,recommendation-db,db_read_qps,342.0,qps
741,2026-06-29 17:49:00,recommendation-db,db_write_qps,124.0,qps
742,2026-06-29 17:49:00,recommendation-db,db_query_latency_ms,4.25,ms
743,2026-06-29 17:49:00,recommendation-cache,cache_hit_rate,81.36,%
744,2026-06-29 17:49:00,recommendation-cache,cache_refresh_rate,85.0,ops
745,2026-06-29 17:49:00,recommendation-cache,cache_evictions,6.0,count
746,2026-06-29 17:49:00,ranking-service,pod_cpu_percent,56.6,%
747,2026-06-29 17:49:00,ranking-service,pod_memory_percent,53.7,%
748,2026-06-29 17:49:00,business,recommendation_ctr,4.18,%
749,2026-06-29 17:49:00,business,homepage_load_time,339.85,ms
750,2026-06-29 17:50:00,recommendation-api,recommendation_requests_total,4795.0,count
751,2026-06-29 17:50:00,recommendation-api,recommendation_latency_ms,111.1,ms
752,2026-06-29 17:50:00,recommendation-api,recommendation_error_rate,0.025,%
753,2026-06-29 17:50:00,recommendation-db,db_cpu_percent,47.0,%
754,2026-06-29 17:50:00,recommendation-db,db_connection_count,34.0,count
755,2026-06-29 17:50:00,recommendation-db,db_read_qps,347.0,qps
756,2026-06-29 17:50:00,recommendation-db,db_write_qps,133.0,qps
757,2026-06-29 17:50:00,recommendation-db,db_query_latency_ms,4.73,ms
758,2026-06-29 17:50:00,recommendation-cache,cache_hit_rate,81.88,%
759,2026-06-29 17:50:00,recommendation-cache,cache_refresh_rate,87.0,ops
760,2026-06-29 17:50:00,recommendation-cache,cache_evictions,5.0,count
761,2026-06-29 17:50:00,ranking-service,pod_cpu_percent,59.8,%
762,2026-06-29 17:50:00,ranking-service,pod_memory_percent,53.8,%
763,2026-06-29 17:50:00,business,recommendation_ctr,4.13,%
764,2026-06-29 17:50:00,business,homepage_load_time,331.1,ms
765,2026-06-29 17:51:00,recommendation-api,recommendation_requests_total,4993.0,count
766,2026-06-29 17:51:00,recommendation-api,recommendation_latency_ms,121.65,ms
767,2026-06-29 17:51:00,recommendation-api,recommendation_error_rate,0.003,%
768,2026-06-29 17:51:00,recommendation-db,db_cpu_percent,50.7,%
769,2026-06-29 17:51:00,recommendation-db,db_connection_count,35.0,count
770,2026-06-29 17:51:00,recommendation-db,db_read_qps,389.0,qps
771,2026-06-29 17:51:00,recommendation-db,db_write_qps,123.0,qps
772,2026-06-29 17:51:00,recommendation-db,db_query_latency_ms,4.23,ms
773,2026-06-29 17:51:00,recommendation-cache,cache_hit_rate,80.5,%
774,2026-06-29 17:51:00,recommendation-cache,cache_refresh_rate,88.0,ops
775,2026-06-29 17:51:00,recommendation-cache,cache_evictions,5.0,count
776,2026-06-29 17:51:00,ranking-service,pod_cpu_percent,58.1,%
777,2026-06-29 17:51:00,ranking-service,pod_memory_percent,53.9,%
778,2026-06-29 17:51:00,business,recommendation_ctr,4.19,%
779,2026-06-29 17:51:00,business,homepage_load_time,341.65,ms
780,2026-06-29 17:52:00,recommendation-api,recommendation_requests_total,5193.0,count
781,2026-06-29 17:52:00,recommendation-api,recommendation_latency_ms,122.83,ms
782,2026-06-29 17:52:00,recommendation-api,recommendation_error_rate,0.009,%
783,2026-06-29 17:52:00,recommendation-db,db_cpu_percent,50.0,%
784,2026-06-29 17:52:00,recommendation-db,db_connection_count,37.0,count
785,2026-06-29 17:52:00,recommendation-db,db_read_qps,387.0,qps
786,2026-06-29 17:52:00,recommendation-db,db_write_qps,129.0,qps
787,2026-06-29 17:52:00,recommendation-db,db_query_latency_ms,4.33,ms
788,2026-06-29 17:52:00,recommendation-cache,cache_hit_rate,81.32,%
789,2026-06-29 17:52:00,recommendation-cache,cache_refresh_rate,89.0,ops
790,2026-06-29 17:52:00,recommendation-cache,cache_evictions,6.0,count
791,2026-06-29 17:52:00,ranking-service,pod_cpu_percent,63.1,%
792,2026-06-29 17:52:00,ranking-service,pod_memory_percent,53.6,%
793,2026-06-29 17:52:00,business,recommendation_ctr,4.25,%
794,2026-06-29 17:52:00,business,homepage_load_time,342.83,ms
795,2026-06-29 17:53:00,recommendation-api,recommendation_requests_total,5393.0,count
796,2026-06-29 17:53:00,recommendation-api,recommendation_latency_ms,119.07,ms
797,2026-06-29 17:53:00,recommendation-api,recommendation_error_rate,0.018,%
798,2026-06-29 17:53:00,recommendation-db,db_cpu_percent,52.1,%
799,2026-06-29 17:53:00,recommendation-db,db_connection_count,36.0,count
800,2026-06-29 17:53:00,recommendation-db,db_read_qps,414.0,qps
801,2026-06-29 17:53:00,recommendation-db,db_write_qps,137.0,qps
802,2026-06-29 17:53:00,recommendation-db,db_query_latency_ms,4.32,ms
803,2026-06-29 17:53:00,recommendation-cache,cache_hit_rate,80.8,%
804,2026-06-29 17:53:00,recommendation-cache,cache_refresh_rate,90.0,ops
805,2026-06-29 17:53:00,recommendation-cache,cache_evictions,7.0,count
806,2026-06-29 17:53:00,ranking-service,pod_cpu_percent,62.4,%
807,2026-06-29 17:53:00,ranking-service,pod_memory_percent,54.2,%
808,2026-06-29 17:53:00,business,recommendation_ctr,4.32,%
809,2026-06-29 17:53:00,business,homepage_load_time,339.07,ms
810,2026-06-29 17:54:00,recommendation-api,recommendation_requests_total,5594.0,count
811,2026-06-29 17:54:00,recommendation-api,recommendation_latency_ms,120.2,ms
812,2026-06-29 17:54:00,recommendation-api,recommendation_error_rate,0.041,%
813,2026-06-29 17:54:00,recommendation-db,db_cpu_percent,52.2,%
814,2026-06-29 17:54:00,recommendation-db,db_connection_count,36.0,count
815,2026-06-29 17:54:00,recommendation-db,db_read_qps,427.0,qps
816,2026-06-29 17:54:00,recommendation-db,db_write_qps,134.0,qps
817,2026-06-29 17:54:00,recommendation-db,db_query_latency_ms,4.37,ms
818,2026-06-29 17:54:00,recommendation-cache,cache_hit_rate,80.89,%
819,2026-06-29 17:54:00,recommendation-cache,cache_refresh_rate,91.0,ops
820,2026-06-29 17:54:00,recommendation-cache,cache_evictions,5.0,count
821,2026-06-29 17:54:00,ranking-service,pod_cpu_percent,62.5,%
822,2026-06-29 17:54:00,ranking-service,pod_memory_percent,54.5,%
823,2026-06-29 17:54:00,business,recommendation_ctr,4.29,%
824,2026-06-29 17:54:00,business,homepage_load_time,340.2,ms
825,2026-06-29 17:55:00,recommendation-api,recommendation_requests_total,5796.0,count
826,2026-06-29 17:55:00,recommendation-api,recommendation_latency_ms,118.88,ms
827,2026-06-29 17:55:00,recommendation-api,recommendation_error_rate,0.037,%
828,2026-06-29 17:55:00,recommendation-db,db_cpu_percent,51.7,%
829,2026-06-29 17:55:00,recommendation-db,db_connection_count,31.0,count
830,2026-06-29 17:55:00,recommendation-db,db_read_qps,445.0,qps
831,2026-06-29 17:55:00,recommendation-db,db_write_qps,129.0,qps
832,2026-06-29 17:55:00,recommendation-db,db_query_latency_ms,4.39,ms
833,2026-06-29 17:55:00,recommendation-cache,cache_hit_rate,80.8,%
834,2026-06-29 17:55:00,recommendation-cache,cache_refresh_rate,93.0,ops
835,2026-06-29 17:55:00,recommendation-cache,cache_evictions,6.0,count
836,2026-06-29 17:55:00,ranking-service,pod_cpu_percent,63.7,%
837,2026-06-29 17:55:00,ranking-service,pod_memory_percent,54.5,%
838,2026-06-29 17:55:00,business,recommendation_ctr,4.23,%
839,2026-06-29 17:55:00,business,homepage_load_time,338.88,ms
840,2026-06-29 17:56:00,recommendation-api,recommendation_requests_total,5999.0,count
841,2026-06-29 17:56:00,recommendation-api,recommendation_latency_ms,121.38,ms
842,2026-06-29 17:56:00,recommendation-api,recommendation_error_rate,0.016,%
843,2026-06-29 17:56:00,recommendation-db,db_cpu_percent,57.8,%
844,2026-06-29 17:56:00,recommendation-db,db_connection_count,35.0,count
845,2026-06-29 17:56:00,recommendation-db,db_read_qps,484.0,qps
846,2026-06-29 17:56:00,recommendation-db,db_write_qps,142.0,qps
847,2026-06-29 17:56:00,recommendation-db,db_query_latency_ms,4.84,ms
848,2026-06-29 17:56:00,recommendation-cache,cache_hit_rate,79.79,%
849,2026-06-29 17:56:00,recommendation-cache,cache_refresh_rate,94.0,ops
850,2026-06-29 17:56:00,recommendation-cache,cache_evictions,5.0,count
851,2026-06-29 17:56:00,ranking-service,pod_cpu_percent,68.4,%
852,2026-06-29 17:56:00,ranking-service,pod_memory_percent,54.4,%
853,2026-06-29 17:56:00,business,recommendation_ctr,4.26,%
854,2026-06-29 17:56:00,business,homepage_load_time,341.38,ms
855,2026-06-29 17:57:00,recommendation-api,recommendation_requests_total,6202.0,count
856,2026-06-29 17:57:00,recommendation-api,recommendation_latency_ms,118.84,ms
857,2026-06-29 17:57:00,recommendation-api,recommendation_error_rate,0.015,%
858,2026-06-29 17:57:00,recommendation-db,db_cpu_percent,54.0,%
859,2026-06-29 17:57:00,recommendation-db,db_connection_count,38.0,count
860,2026-06-29 17:57:00,recommendation-db,db_read_qps,473.0,qps
861,2026-06-29 17:57:00,recommendation-db,db_write_qps,140.0,qps
862,2026-06-29 17:57:00,recommendation-db,db_query_latency_ms,4.24,ms
863,2026-06-29 17:57:00,recommendation-cache,cache_hit_rate,80.92,%
864,2026-06-29 17:57:00,recommendation-cache,cache_refresh_rate,95.0,ops
865,2026-06-29 17:57:00,recommendation-cache,cache_evictions,8.0,count
866,2026-06-29 17:57:00,ranking-service,pod_cpu_percent,66.5,%
867,2026-06-29 17:57:00,ranking-service,pod_memory_percent,54.7,%
868,2026-06-29 17:57:00,business,recommendation_ctr,4.25,%
869,2026-06-29 17:57:00,business,homepage_load_time,338.84,ms
870,2026-06-29 17:58:00,recommendation-api,recommendation_requests_total,6406.0,count
871,2026-06-29 17:58:00,recommendation-api,recommendation_latency_ms,123.01,ms
872,2026-06-29 17:58:00,recommendation-api,recommendation_error_rate,0.011,%
873,2026-06-29 17:58:00,recommendation-db,db_cpu_percent,55.2,%
874,2026-06-29 17:58:00,recommendation-db,db_connection_count,36.0,count
875,2026-06-29 17:58:00,recommendation-db,db_read_qps,501.0,qps
876,2026-06-29 17:58:00,recommendation-db,db_write_qps,142.0,qps
877,2026-06-29 17:58:00,recommendation-db,db_query_latency_ms,4.61,ms
878,2026-06-29 17:58:00,recommendation-cache,cache_hit_rate,80.44,%
879,2026-06-29 17:58:00,recommendation-cache,cache_refresh_rate,96.0,ops
880,2026-06-29 17:58:00,recommendation-cache,cache_evictions,7.0,count
881,2026-06-29 17:58:00,ranking-service,pod_cpu_percent,69.1,%
882,2026-06-29 17:58:00,ranking-service,pod_memory_percent,54.6,%
883,2026-06-29 17:58:00,business,recommendation_ctr,4.29,%
884,2026-06-29 17:58:00,business,homepage_load_time,343.01,ms
885,2026-06-29 17:59:00,recommendation-api,recommendation_requests_total,6611.0,count
886,2026-06-29 17:59:00,recommendation-api,recommendation_latency_ms,123.17,ms
887,2026-06-29 17:59:00,recommendation-api,recommendation_error_rate,0.019,%
888,2026-06-29 17:59:00,recommendation-db,db_cpu_percent,54.0,%
889,2026-06-29 17:59:00,recommendation-db,db_connection_count,33.0,count
890,2026-06-29 17:59:00,recommendation-db,db_read_qps,488.0,qps
891,2026-06-29 17:59:00,recommendation-db,db_write_qps,141.0,qps
892,2026-06-29 17:59:00,recommendation-db,db_query_latency_ms,4.95,ms
893,2026-06-29 17:59:00,recommendation-cache,cache_hit_rate,81.54,%
894,2026-06-29 17:59:00,recommendation-cache,cache_refresh_rate,97.0,ops
895,2026-06-29 17:59:00,recommendation-cache,cache_evictions,8.0,count
896,2026-06-29 17:59:00,ranking-service,pod_cpu_percent,66.4,%
897,2026-06-29 17:59:00,ranking-service,pod_memory_percent,55.1,%
898,2026-06-29 17:59:00,business,recommendation_ctr,4.23,%
899,2026-06-29 17:59:00,business,homepage_load_time,343.17,ms
900,2026-06-29 18:00:00,recommendation-api,recommendation_requests_total,6816.0,count
901,2026-06-29 18:00:00,recommendation-api,recommendation_latency_ms,115.18,ms
902,2026-06-29 18:00:00,recommendation-api,recommendation_error_rate,0.025,%
903,2026-06-29 18:00:00,recommendation-db,db_cpu_percent,60.4,%
904,2026-06-29 18:00:00,recommendation-db,db_connection_count,40.0,count
905,2026-06-29 18:00:00,recommendation-db,db_read_qps,529.0,qps
906,2026-06-29 18:00:00,recommendation-db,db_write_qps,149.0,qps
907,2026-06-29 18:00:00,recommendation-db,db_query_latency_ms,4.57,ms
908,2026-06-29 18:00:00,recommendation-cache,cache_hit_rate,80.56,%
909,2026-06-29 18:00:00,recommendation-cache,cache_refresh_rate,99.0,ops
910,2026-06-29 18:00:00,recommendation-cache,cache_evictions,7.0,count
911,2026-06-29 18:00:00,ranking-service,pod_cpu_percent,71.1,%
912,2026-06-29 18:00:00,ranking-service,pod_memory_percent,55.0,%
913,2026-06-29 18:00:00,business,recommendation_ctr,4.39,%
914,2026-06-29 18:00:00,business,homepage_load_time,335.18,ms
915,2026-06-29 18:01:00,recommendation-api,recommendation_requests_total,7022.0,count
916,2026-06-29 18:01:00,recommendation-api,recommendation_latency_ms,111.19,ms
917,2026-06-29 18:01:00,recommendation-api,recommendation_error_rate,0.035,%
918,2026-06-29 18:01:00,recommendation-db,db_cpu_percent,59.8,%
919,2026-06-29 18:01:00,recommendation-db,db_connection_count,39.0,count
920,2026-06-29 18:01:00,recommendation-db,db_read_qps,557.0,qps
921,2026-06-29 18:01:00,recommendation-db,db_write_qps,145.0,qps
922,2026-06-29 18:01:00,recommendation-db,db_query_latency_ms,4.83,ms
923,2026-06-29 18:01:00,recommendation-cache,cache_hit_rate,80.14,%
924,2026-06-29 18:01:00,recommendation-cache,cache_refresh_rate,100.0,ops
925,2026-06-29 18:01:00,recommendation-cache,cache_evictions,6.0,count
926,2026-06-29 18:01:00,ranking-service,pod_cpu_percent,69.5,%
927,2026-06-29 18:01:00,ranking-service,pod_memory_percent,54.6,%
928,2026-06-29 18:01:00,business,recommendation_ctr,4.18,%
929,2026-06-29 18:01:00,business,homepage_load_time,331.19,ms
930,2026-06-29 18:02:00,recommendation-api,recommendation_requests_total,7228.0,count
931,2026-06-29 18:02:00,recommendation-api,recommendation_latency_ms,116.54,ms
932,2026-06-29 18:02:00,recommendation-api,recommendation_error_rate,0.037,%
933,2026-06-29 18:02:00,recommendation-db,db_cpu_percent,62.5,%
934,2026-06-29 18:02:00,recommendation-db,db_connection_count,37.0,count
935,2026-06-29 18:02:00,recommendation-db,db_read_qps,593.0,qps
936,2026-06-29 18:02:00,recommendation-db,db_write_qps,155.0,qps
937,2026-06-29 18:02:00,recommendation-db,db_query_latency_ms,4.11,ms
938,2026-06-29 18:02:00,recommendation-cache,cache_hit_rate,79.47,%
939,2026-06-29 18:02:00,recommendation-cache,cache_refresh_rate,101.0,ops
940,2026-06-29 18:02:00,recommendation-cache,cache_evictions,7.0,count
941,2026-06-29 18:02:00,ranking-service,pod_cpu_percent,68.9,%
942,2026-06-29 18:02:00,ranking-service,pod_memory_percent,54.8,%
943,2026-06-29 18:02:00,business,recommendation_ctr,4.17,%
944,2026-06-29 18:02:00,business,homepage_load_time,336.54,ms
945,2026-06-29 18:03:00,recommendation-api,recommendation_requests_total,7435.0,count
946,2026-06-29 18:03:00,recommendation-api,recommendation_latency_ms,128.66,ms
947,2026-06-29 18:03:00,recommendation-api,recommendation_error_rate,0.031,%
948,2026-06-29 18:03:00,recommendation-db,db_cpu_percent,61.4,%
949,2026-06-29 18:03:00,recommendation-db,db_connection_count,39.0,count
950,2026-06-29 18:03:00,recommendation-db,db_read_qps,592.0,qps
951,2026-06-29 18:03:00,recommendation-db,db_write_qps,139.0,qps
952,2026-06-29 18:03:00,recommendation-db,db_query_latency_ms,4.71,ms
953,2026-06-29 18:03:00,recommendation-cache,cache_hit_rate,80.06,%
954,2026-06-29 18:03:00,recommendation-cache,cache_refresh_rate,102.0,ops
955,2026-06-29 18:03:00,recommendation-cache,cache_evictions,7.0,count
956,2026-06-29 18:03:00,ranking-service,pod_cpu_percent,70.5,%
957,2026-06-29 18:03:00,ranking-service,pod_memory_percent,55.5,%
958,2026-06-29 18:03:00,business,recommendation_ctr,4.17,%
959,2026-06-29 18:03:00,business,homepage_load_time,348.66,ms
960,2026-06-29 18:04:00,recommendation-api,recommendation_requests_total,7642.0,count
961,2026-06-29 18:04:00,recommendation-api,recommendation_latency_ms,116.05,ms
962,2026-06-29 18:04:00,recommendation-api,recommendation_error_rate,0.015,%
963,2026-06-29 18:04:00,recommendation-db,db_cpu_percent,63.0,%
964,2026-06-29 18:04:00,recommendation-db,db_connection_count,40.0,count
965,2026-06-29 18:04:00,recommendation-db,db_read_qps,607.0,qps
966,2026-06-29 18:04:00,recommendation-db,db_write_qps,154.0,qps
967,2026-06-29 18:04:00,recommendation-db,db_query_latency_ms,4.46,ms
968,2026-06-29 18:04:00,recommendation-cache,cache_hit_rate,80.13,%
969,2026-06-29 18:04:00,recommendation-cache,cache_refresh_rate,103.0,ops
970,2026-06-29 18:04:00,recommendation-cache,cache_evictions,6.0,count
971,2026-06-29 18:04:00,ranking-service,pod_cpu_percent,72.4,%
972,2026-06-29 18:04:00,ranking-service,pod_memory_percent,54.9,%
973,2026-06-29 18:04:00,business,recommendation_ctr,4.2,%
974,2026-06-29 18:04:00,business,homepage_load_time,336.05,ms
975,2026-06-29 18:05:00,recommendation-api,recommendation_requests_total,7849.0,count
976,2026-06-29 18:05:00,recommendation-api,recommendation_latency_ms,125.89,ms
977,2026-06-29 18:05:00,recommendation-api,recommendation_error_rate,0.0,%
978,2026-06-29 18:05:00,recommendation-db,db_cpu_percent,67.1,%
979,2026-06-29 18:05:00,recommendation-db,db_connection_count,36.0,count
980,2026-06-29 18:05:00,recommendation-db,db_read_qps,626.0,qps
981,2026-06-29 18:05:00,recommendation-db,db_write_qps,156.0,qps
982,2026-06-29 18:05:00,recommendation-db,db_query_latency_ms,4.83,ms
983,2026-06-29 18:05:00,recommendation-cache,cache_hit_rate,80.05,%
984,2026-06-29 18:05:00,recommendation-cache,cache_refresh_rate,105.0,ops
985,2026-06-29 18:05:00,recommendation-cache,cache_evictions,7.0,count
986,2026-06-29 18:05:00,ranking-service,pod_cpu_percent,73.7,%
987,2026-06-29 18:05:00,ranking-service,pod_memory_percent,54.9,%
988,2026-06-29 18:05:00,business,recommendation_ctr,4.17,%
989,2026-06-29 18:05:00,business,homepage_load_time,345.89,ms
990,2026-06-29 18:06:00,recommendation-api,recommendation_requests_total,8057.0,count
991,2026-06-29 18:06:00,recommendation-api,recommendation_latency_ms,123.37,ms
992,2026-06-29 18:06:00,recommendation-api,recommendation_error_rate,0.009,%
993,2026-06-29 18:06:00,recommendation-db,db_cpu_percent,69.2,%
994,2026-06-29 18:06:00,recommendation-db,db_connection_count,44.0,count
995,2026-06-29 18:06:00,recommendation-db,db_read_qps,660.0,qps
996,2026-06-29 18:06:00,recommendation-db,db_write_qps,153.0,qps
997,2026-06-29 18:06:00,recommendation-db,db_query_latency_ms,4.88,ms
998,2026-06-29 18:06:00,recommendation-cache,cache_hit_rate,79.51,%
999,2026-06-29 18:06:00,recommendation-cache,cache_refresh_rate,106.0,ops
1000,2026-06-29 18:06:00,recommendation-cache,cache_evictions,5.0,count
1001,2026-06-29 18:06:00,ranking-service,pod_cpu_percent,76.0,%
1002,2026-06-29 18:06:00,ranking-service,pod_memory_percent,55.0,%
1003,2026-06-29 18:06:00,business,recommendation_ctr,4.15,%
1004,2026-06-29 18:06:00,business,homepage_load_time,343.37,ms
1005,2026-06-29 18:07:00,recommendation-api,recommendation_requests_total,8265.0,count
1006,2026-06-29 18:07:00,recommendation-api,recommendation_latency_ms,117.46,ms
1007,2026-06-29 18:07:00,recommendation-api,recommendation_error_rate,0.032,%
1008,2026-06-29 18:07:00,recommendation-db,db_cpu_percent,65.0,%
1009,2026-06-29 18:07:00,recommendation-db,db_connection_count,42.0,count
1010,2026-06-29 18:07:00,recommendation-db,db_read_qps,656.0,qps
1011,2026-06-29 18:07:00,recommendation-db,db_write_qps,159.0,qps
1012,2026-06-29 18:07:00,recommendation-db,db_query_latency_ms,4.63,ms
1013,2026-06-29 18:07:00,recommendation-cache,cache_hit_rate,80.16,%
1014,2026-06-29 18:07:00,recommendation-cache,cache_refresh_rate,107.0,ops
1015,2026-06-29 18:07:00,recommendation-cache,cache_evictions,6.0,count
1016,2026-06-29 18:07:00,ranking-service,pod_cpu_percent,77.3,%
1017,2026-06-29 18:07:00,ranking-service,pod_memory_percent,55.4,%
1018,2026-06-29 18:07:00,business,recommendation_ctr,4.09,%
1019,2026-06-29 18:07:00,business,homepage_load_time,337.46,ms
1020,2026-06-29 18:08:00,recommendation-api,recommendation_requests_total,8473.0,count
1021,2026-06-29 18:08:00,recommendation-api,recommendation_latency_ms,116.28,ms
1022,2026-06-29 18:08:00,recommendation-api,recommendation_error_rate,0.03,%
1023,2026-06-29 18:08:00,recommendation-db,db_cpu_percent,65.3,%
1024,2026-06-29 18:08:00,recommendation-db,db_connection_count,42.0,count
1025,2026-06-29 18:08:00,recommendation-db,db_read_qps,693.0,qps
1026,2026-06-29 18:08:00,recommendation-db,db_write_qps,163.0,qps
1027,2026-06-29 18:08:00,recommendation-db,db_query_latency_ms,4.44,ms
1028,2026-06-29 18:08:00,recommendation-cache,cache_hit_rate,79.55,%
1029,2026-06-29 18:08:00,recommendation-cache,cache_refresh_rate,108.0,ops
1030,2026-06-29 18:08:00,recommendation-cache,cache_evictions,6.0,count
1031,2026-06-29 18:08:00,ranking-service,pod_cpu_percent,75.3,%
1032,2026-06-29 18:08:00,ranking-service,pod_memory_percent,55.1,%
1033,2026-06-29 18:08:00,business,recommendation_ctr,4.13,%
1034,2026-06-29 18:08:00,business,homepage_load_time,336.28,ms
1035,2026-06-29 18:09:00,recommendation-api,recommendation_requests_total,8682.0,count
1036,2026-06-29 18:09:00,recommendation-api,recommendation_latency_ms,121.07,ms
1037,2026-06-29 18:09:00,recommendation-api,recommendation_error_rate,0.019,%
1038,2026-06-29 18:09:00,recommendation-db,db_cpu_percent,71.2,%
1039,2026-06-29 18:09:00,recommendation-db,db_connection_count,39.0,count
1040,2026-06-29 18:09:00,recommendation-db,db_read_qps,697.0,qps
1041,2026-06-29 18:09:00,recommendation-db,db_write_qps,157.0,qps
1042,2026-06-29 18:09:00,recommendation-db,db_query_latency_ms,5.01,ms
1043,2026-06-29 18:09:00,recommendation-cache,cache_hit_rate,79.9,%
1044,2026-06-29 18:09:00,recommendation-cache,cache_refresh_rate,109.0,ops
1045,2026-06-29 18:09:00,recommendation-cache,cache_evictions,6.0,count
1046,2026-06-29 18:09:00,ranking-service,pod_cpu_percent,79.0,%
1047,2026-06-29 18:09:00,ranking-service,pod_memory_percent,55.5,%
1048,2026-06-29 18:09:00,business,recommendation_ctr,4.15,%
1049,2026-06-29 18:09:00,business,homepage_load_time,341.07,ms
1050,2026-06-29 18:10:00,recommendation-api,recommendation_requests_total,8890.0,count
1051,2026-06-29 18:10:00,recommendation-api,recommendation_latency_ms,120.5,ms
1052,2026-06-29 18:10:00,recommendation-api,recommendation_error_rate,0.003,%
1053,2026-06-29 18:10:00,recommendation-db,db_cpu_percent,69.1,%
1054,2026-06-29 18:10:00,recommendation-db,db_connection_count,41.0,count
1055,2026-06-29 18:10:00,recommendation-db,db_read_qps,709.0,qps
1056,2026-06-29 18:10:00,recommendation-db,db_write_qps,167.0,qps
1057,2026-06-29 18:10:00,recommendation-db,db_query_latency_ms,4.48,ms
1058,2026-06-29 18:10:00,recommendation-cache,cache_hit_rate,80.05,%
1059,2026-06-29 18:10:00,recommendation-cache,cache_refresh_rate,111.0,ops
1060,2026-06-29 18:10:00,recommendation-cache,cache_evictions,8.0,count
1061,2026-06-29 18:10:00,ranking-service,pod_cpu_percent,80.6,%
1062,2026-06-29 18:10:00,ranking-service,pod_memory_percent,55.6,%
1063,2026-06-29 18:10:00,business,recommendation_ctr,4.07,%
1064,2026-06-29 18:10:00,business,homepage_load_time,340.5,ms
1065,2026-06-29 18:11:00,recommendation-api,recommendation_requests_total,9099.0,count
1066,2026-06-29 18:11:00,recommendation-api,recommendation_latency_ms,119.51,ms
1067,2026-06-29 18:11:00,recommendation-api,recommendation_error_rate,0.01,%
1068,2026-06-29 18:11:00,recommendation-db,db_cpu_percent,71.7,%
1069,2026-06-29 18:11:00,recommendation-db,db_connection_count,42.0,count
1070,2026-06-29 18:11:00,recommendation-db,db_read_qps,753.0,qps
1071,2026-06-29 18:11:00,recommendation-db,db_write_qps,168.0,qps
1072,2026-06-29 18:11:00,recommendation-db,db_query_latency_ms,4.27,ms
1073,2026-06-29 18:11:00,recommendation-cache,cache_hit_rate,79.31,%
1074,2026-06-29 18:11:00,recommendation-cache,cache_refresh_rate,112.0,ops
1075,2026-06-29 18:11:00,recommendation-cache,cache_evictions,8.0,count
1076,2026-06-29 18:11:00,ranking-service,pod_cpu_percent,77.9,%
1077,2026-06-29 18:11:00,ranking-service,pod_memory_percent,55.8,%
1078,2026-06-29 18:11:00,business,recommendation_ctr,4.24,%
1079,2026-06-29 18:11:00,business,homepage_load_time,339.51,ms
1080,2026-06-29 18:12:00,recommendation-api,recommendation_requests_total,9307.0,count
1081,2026-06-29 18:12:00,recommendation-api,recommendation_latency_ms,110.4,ms
1082,2026-06-29 18:12:00,recommendation-api,recommendation_error_rate,0.007,%
1083,2026-06-29 18:12:00,recommendation-db,db_cpu_percent,73.5,%
1084,2026-06-29 18:12:00,recommendation-db,db_connection_count,47.0,count
1085,2026-06-29 18:12:00,recommendation-db,db_read_qps,761.0,qps
1086,2026-06-29 18:12:00,recommendation-db,db_write_qps,170.0,qps
1087,2026-06-29 18:12:00,recommendation-db,db_query_latency_ms,4.8,ms
1088,2026-06-29 18:12:00,recommendation-cache,cache_hit_rate,79.54,%
1089,2026-06-29 18:12:00,recommendation-cache,cache_refresh_rate,113.0,ops
1090,2026-06-29 18:12:00,recommendation-cache,cache_evictions,7.0,count
1091,2026-06-29 18:12:00,ranking-service,pod_cpu_percent,81.6,%
1092,2026-06-29 18:12:00,ranking-service,pod_memory_percent,55.8,%
1093,2026-06-29 18:12:00,business,recommendation_ctr,4.14,%
1094,2026-06-29 18:12:00,business,homepage_load_time,330.4,ms
1095,2026-06-29 18:13:00,recommendation-api,recommendation_requests_total,9516.0,count
1096,2026-06-29 18:13:00,recommendation-api,recommendation_latency_ms,113.54,ms
1097,2026-06-29 18:13:00,recommendation-api,recommendation_error_rate,0.006,%
1098,2026-06-29 18:13:00,recommendation-db,db_cpu_percent,72.3,%
1099,2026-06-29 18:13:00,recommendation-db,db_connection_count,42.0,count
1100,2026-06-29 18:13:00,recommendation-db,db_read_qps,805.0,qps
1101,2026-06-29 18:13:00,recommendation-db,db_write_qps,171.0,qps
1102,2026-06-29 18:13:00,recommendation-db,db_query_latency_ms,4.08,ms
1103,2026-06-29 18:13:00,recommendation-cache,cache_hit_rate,78.84,%
1104,2026-06-29 18:13:00,recommendation-cache,cache_refresh_rate,114.0,ops
1105,2026-06-29 18:13:00,recommendation-cache,cache_evictions,6.0,count
1106,2026-06-29 18:13:00,ranking-service,pod_cpu_percent,84.2,%
1107,2026-06-29 18:13:00,ranking-service,pod_memory_percent,55.6,%
1108,2026-06-29 18:13:00,business,recommendation_ctr,4.1,%
1109,2026-06-29 18:13:00,business,homepage_load_time,333.54,ms
1110,2026-06-29 18:14:00,recommendation-api,recommendation_requests_total,9724.0,count
1111,2026-06-29 18:14:00,recommendation-api,recommendation_latency_ms,116.54,ms
1112,2026-06-29 18:14:00,recommendation-api,recommendation_error_rate,0.021,%
1113,2026-06-29 18:14:00,recommendation-db,db_cpu_percent,72.1,%
1114,2026-06-29 18:14:00,recommendation-db,db_connection_count,42.0,count
1115,2026-06-29 18:14:00,recommendation-db,db_read_qps,761.0,qps
1116,2026-06-29 18:14:00,recommendation-db,db_write_qps,174.0,qps
1117,2026-06-29 18:14:00,recommendation-db,db_query_latency_ms,4.71,ms
1118,2026-06-29 18:14:00,recommendation-cache,cache_hit_rate,80.42,%
1119,2026-06-29 18:14:00,recommendation-cache,cache_refresh_rate,115.0,ops
1120,2026-06-29 18:14:00,recommendation-cache,cache_evictions,7.0,count
1121,2026-06-29 18:14:00,ranking-service,pod_cpu_percent,83.5,%
1122,2026-06-29 18:14:00,ranking-service,pod_memory_percent,56.1,%
1123,2026-06-29 18:14:00,business,recommendation_ctr,4.46,%
1124,2026-06-29 18:14:00,business,homepage_load_time,336.54,ms
1125,2026-06-29 18:15:00,recommendation-api,recommendation_requests_total,9933.0,count
1126,2026-06-29 18:15:00,recommendation-api,recommendation_latency_ms,123.63,ms
1127,2026-06-29 18:15:00,recommendation-api,recommendation_error_rate,0.014,%
1128,2026-06-29 18:15:00,recommendation-db,db_cpu_percent,79.7,%
1129,2026-06-29 18:15:00,recommendation-db,db_connection_count,45.0,count
1130,2026-06-29 18:15:00,recommendation-db,db_read_qps,848.0,qps
1131,2026-06-29 18:15:00,recommendation-db,db_write_qps,175.0,qps
1132,2026-06-29 18:15:00,recommendation-db,db_query_latency_ms,5.04,ms
1133,2026-06-29 18:15:00,recommendation-cache,cache_hit_rate,78.65,%
1134,2026-06-29 18:15:00,recommendation-cache,cache_refresh_rate,117.0,ops
1135,2026-06-29 18:15:00,recommendation-cache,cache_evictions,5.0,count
1136,2026-06-29 18:15:00,ranking-service,pod_cpu_percent,86.1,%
1137,2026-06-29 18:15:00,ranking-service,pod_memory_percent,56.1,%
1138,2026-06-29 18:15:00,business,recommendation_ctr,4.26,%
1139,2026-06-29 18:15:00,business,homepage_load_time,343.63,ms
1140,2026-06-29 18:16:00,recommendation-api,recommendation_requests_total,10141.0,count
1141,2026-06-29 18:16:00,recommendation-api,recommendation_latency_ms,120.26,ms
1142,2026-06-29 18:16:00,recommendation-api,recommendation_error_rate,0.007,%
1143,2026-06-29 18:16:00,recommendation-db,db_cpu_percent,77.5,%
1144,2026-06-29 18:16:00,recommendation-db,db_connection_count,45.0,count
1145,2026-06-29 18:16:00,recommendation-db,db_read_qps,887.0,qps
1146,2026-06-29 18:16:00,recommendation-db,db_write_qps,173.0,qps
1147,2026-06-29 18:16:00,recommendation-db,db_query_latency_ms,4.69,ms
1148,2026-06-29 18:16:00,recommendation-cache,cache_hit_rate,78.11,%
1149,2026-06-29 18:16:00,recommendation-cache,cache_refresh_rate,118.0,ops
1150,2026-06-29 18:16:00,recommendation-cache,cache_evictions,6.0,count
1151,2026-06-29 18:16:00,ranking-service,pod_cpu_percent,86.6,%
1152,2026-06-29 18:16:00,ranking-service,pod_memory_percent,56.2,%
1153,2026-06-29 18:16:00,business,recommendation_ctr,4.24,%
1154,2026-06-29 18:16:00,business,homepage_load_time,340.26,ms
1155,2026-06-29 18:17:00,recommendation-api,recommendation_requests_total,10349.0,count
1156,2026-06-29 18:17:00,recommendation-api,recommendation_latency_ms,120.15,ms
1157,2026-06-29 18:17:00,recommendation-api,recommendation_error_rate,0.022,%
1158,2026-06-29 18:17:00,recommendation-db,db_cpu_percent,77.8,%
1159,2026-06-29 18:17:00,recommendation-db,db_connection_count,45.0,count
1160,2026-06-29 18:17:00,recommendation-db,db_read_qps,855.0,qps
1161,2026-06-29 18:17:00,recommendation-db,db_write_qps,182.0,qps
1162,2026-06-29 18:17:00,recommendation-db,db_query_latency_ms,4.0,ms
1163,2026-06-29 18:17:00,recommendation-cache,cache_hit_rate,79.34,%
1164,2026-06-29 18:17:00,recommendation-cache,cache_refresh_rate,119.0,ops
1165,2026-06-29 18:17:00,recommendation-cache,cache_evictions,5.0,count
1166,2026-06-29 18:17:00,ranking-service,pod_cpu_percent,84.8,%
1167,2026-06-29 18:17:00,ranking-service,pod_memory_percent,55.9,%
1168,2026-06-29 18:17:00,business,recommendation_ctr,4.23,%
1169,2026-06-29 18:17:00,business,homepage_load_time,340.15,ms
1170,2026-06-29 18:18:00,recommendation-api,recommendation_requests_total,10556.0,count
1171,2026-06-29 18:18:00,recommendation-api,recommendation_latency_ms,123.71,ms
1172,2026-06-29 18:18:00,recommendation-api,recommendation_error_rate,0.015,%
1173,2026-06-29 18:18:00,recommendation-db,db_cpu_percent,79.2,%
1174,2026-06-29 18:18:00,recommendation-db,db_connection_count,46.0,count
1175,2026-06-29 18:18:00,recommendation-db,db_read_qps,877.0,qps
1176,2026-06-29 18:18:00,recommendation-db,db_write_qps,179.0,qps
1177,2026-06-29 18:18:00,recommendation-db,db_query_latency_ms,4.51,ms
1178,2026-06-29 18:18:00,recommendation-cache,cache_hit_rate,79.23,%
1179,2026-06-29 18:18:00,recommendation-cache,cache_refresh_rate,120.0,ops
1180,2026-06-29 18:18:00,recommendation-cache,cache_evictions,7.0,count
1181,2026-06-29 18:18:00,ranking-service,pod_cpu_percent,87.1,%
1182,2026-06-29 18:18:00,ranking-service,pod_memory_percent,56.1,%
1183,2026-06-29 18:18:00,business,recommendation_ctr,4.21,%
1184,2026-06-29 18:18:00,business,homepage_load_time,343.71,ms
1185,2026-06-29 18:19:00,recommendation-api,recommendation_requests_total,10764.0,count
1186,2026-06-29 18:19:00,recommendation-api,recommendation_latency_ms,117.53,ms
1187,2026-06-29 18:19:00,recommendation-api,recommendation_error_rate,0.016,%
1188,2026-06-29 18:19:00,recommendation-db,db_cpu_percent,79.5,%
1189,2026-06-29 18:19:00,recommendation-db,db_connection_count,49.0,count
1190,2026-06-29 18:19:00,recommendation-db,db_read_qps,928.0,qps
1191,2026-06-29 18:19:00,recommendation-db,db_write_qps,182.0,qps
1192,2026-06-29 18:19:00,recommendation-db,db_query_latency_ms,4.23,ms
1193,2026-06-29 18:19:00,recommendation-cache,cache_hit_rate,78.45,%
1194,2026-06-29 18:19:00,recommendation-cache,cache_refresh_rate,121.0,ops
1195,2026-06-29 18:19:00,recommendation-cache,cache_evictions,8.0,count
1196,2026-06-29 18:19:00,ranking-service,pod_cpu_percent,89.1,%
1197,2026-06-29 18:19:00,ranking-service,pod_memory_percent,56.5,%
1198,2026-06-29 18:19:00,business,recommendation_ctr,4.34,%
1199,2026-06-29 18:19:00,business,homepage_load_time,337.53,ms
1200,2026-06-29 18:20:00,recommendation-api,recommendation_requests_total,10971.0,count
1201,2026-06-29 18:20:00,recommendation-api,recommendation_latency_ms,117.05,ms
1202,2026-06-29 18:20:00,recommendation-api,recommendation_error_rate,0.034,%
1203,2026-06-29 18:20:00,recommendation-db,db_cpu_percent,84.8,%
1204,2026-06-29 18:20:00,recommendation-db,db_connection_count,49.0,count
1205,2026-06-29 18:20:00,recommendation-db,db_read_qps,976.0,qps
1206,2026-06-29 18:20:00,recommendation-db,db_write_qps,185.0,qps
1207,2026-06-29 18:20:00,recommendation-db,db_query_latency_ms,4.82,ms
1208,2026-06-29 18:20:00,recommendation-cache,cache_hit_rate,77.76,%
1209,2026-06-29 18:20:00,recommendation-cache,cache_refresh_rate,123.0,ops
1210,2026-06-29 18:20:00,recommendation-cache,cache_evictions,7.0,count
1211,2026-06-29 18:20:00,ranking-service,pod_cpu_percent,89.3,%
1212,2026-06-29 18:20:00,ranking-service,pod_memory_percent,56.3,%
1213,2026-06-29 18:20:00,business,recommendation_ctr,4.43,%
1214,2026-06-29 18:20:00,business,homepage_load_time,337.05,ms
1215,2026-06-29 18:21:00,recommendation-api,recommendation_requests_total,11177.0,count
1216,2026-06-29 18:21:00,recommendation-api,recommendation_latency_ms,112.11,ms
1217,2026-06-29 18:21:00,recommendation-api,recommendation_error_rate,0.011,%
1218,2026-06-29 18:21:00,recommendation-db,db_cpu_percent,80.3,%
1219,2026-06-29 18:21:00,recommendation-db,db_connection_count,46.0,count
1220,2026-06-29 18:21:00,recommendation-db,db_read_qps,933.0,qps
1221,2026-06-29 18:21:00,recommendation-db,db_write_qps,193.0,qps
1222,2026-06-29 18:21:00,recommendation-db,db_query_latency_ms,4.42,ms
1223,2026-06-29 18:21:00,recommendation-cache,cache_hit_rate,79.13,%
1224,2026-06-29 18:21:00,recommendation-cache,cache_refresh_rate,124.0,ops
1225,2026-06-29 18:21:00,recommendation-cache,cache_evictions,5.0,count
1226,2026-06-29 18:21:00,ranking-service,pod_cpu_percent,89.7,%
1227,2026-06-29 18:21:00,ranking-service,pod_memory_percent,56.5,%
1228,2026-06-29 18:21:00,business,recommendation_ctr,4.1,%
1229,2026-06-29 18:21:00,business,homepage_load_time,332.11,ms
1230,2026-06-29 18:22:00,recommendation-api,recommendation_requests_total,11384.0,count
1231,2026-06-29 18:22:00,recommendation-api,recommendation_latency_ms,118.62,ms
1232,2026-06-29 18:22:00,recommendation-api,recommendation_error_rate,0.027,%
1233,2026-06-29 18:22:00,recommendation-db,db_cpu_percent,81.9,%
1234,2026-06-29 18:22:00,recommendation-db,db_connection_count,49.0,count
1235,2026-06-29 18:22:00,recommendation-db,db_read_qps,982.0,qps
1236,2026-06-29 18:22:00,recommendation-db,db_write_qps,195.0,qps
1237,2026-06-29 18:22:00,recommendation-db,db_query_latency_ms,4.44,ms
1238,2026-06-29 18:22:00,recommendation-cache,cache_hit_rate,78.42,%
1239,2026-06-29 18:22:00,recommendation-cache,cache_refresh_rate,125.0,ops
1240,2026-06-29 18:22:00,recommendation-cache,cache_evictions,6.0,count
1241,2026-06-29 18:22:00,ranking-service,pod_cpu_percent,92.5,%
1242,2026-06-29 18:22:00,ranking-service,pod_memory_percent,56.6,%
1243,2026-06-29 18:22:00,business,recommendation_ctr,4.09,%
1244,2026-06-29 18:22:00,business,homepage_load_time,338.62,ms
1245,2026-06-29 18:23:00,recommendation-api,recommendation_requests_total,11589.0,count
1246,2026-06-29 18:23:00,recommendation-api,recommendation_latency_ms,115.57,ms
1247,2026-06-29 18:23:00,recommendation-api,recommendation_error_rate,0.014,%
1248,2026-06-29 18:23:00,recommendation-db,db_cpu_percent,89.4,%
1249,2026-06-29 18:23:00,recommendation-db,db_connection_count,49.0,count
1250,2026-06-29 18:23:00,recommendation-db,db_read_qps,999.0,qps
1251,2026-06-29 18:23:00,recommendation-db,db_write_qps,190.0,qps
1252,2026-06-29 18:23:00,recommendation-db,db_query_latency_ms,4.34,ms
1253,2026-06-29 18:23:00,recommendation-cache,cache_hit_rate,78.45,%
1254,2026-06-29 18:23:00,recommendation-cache,cache_refresh_rate,126.0,ops
1255,2026-06-29 18:23:00,recommendation-cache,cache_evictions,7.0,count
1256,2026-06-29 18:23:00,ranking-service,pod_cpu_percent,94.7,%
1257,2026-06-29 18:23:00,ranking-service,pod_memory_percent,56.9,%
1258,2026-06-29 18:23:00,business,recommendation_ctr,4.14,%
1259,2026-06-29 18:23:00,business,homepage_load_time,335.57,ms
1260,2026-06-29 18:24:00,recommendation-api,recommendation_requests_total,11794.0,count
1261,2026-06-29 18:24:00,recommendation-api,recommendation_latency_ms,120.39,ms
1262,2026-06-29 18:24:00,recommendation-api,recommendation_error_rate,0.005,%
1263,2026-06-29 18:24:00,recommendation-db,db_cpu_percent,87.5,%
1264,2026-06-29 18:24:00,recommendation-db,db_connection_count,48.0,count
1265,2026-06-29 18:24:00,recommendation-db,db_read_qps,1046.0,qps
1266,2026-06-29 18:24:00,recommendation-db,db_write_qps,186.0,qps
1267,2026-06-29 18:24:00,recommendation-db,db_query_latency_ms,4.69,ms
1268,2026-06-29 18:24:00,recommendation-cache,cache_hit_rate,77.81,%
1269,2026-06-29 18:24:00,recommendation-cache,cache_refresh_rate,127.0,ops
1270,2026-06-29 18:24:00,recommendation-cache,cache_evictions,6.0,count
1271,2026-06-29 18:24:00,ranking-service,pod_cpu_percent,96.7,%
1272,2026-06-29 18:24:00,ranking-service,pod_memory_percent,56.6,%
1273,2026-06-29 18:24:00,business,recommendation_ctr,4.35,%
1274,2026-06-29 18:24:00,business,homepage_load_time,340.39,ms
1275,2026-06-29 18:25:00,recommendation-api,recommendation_requests_total,11999.0,count
1276,2026-06-29 18:25:00,recommendation-api,recommendation_latency_ms,119.32,ms
1277,2026-06-29 18:25:00,recommendation-api,recommendation_error_rate,0.012,%
1278,2026-06-29 18:25:00,recommendation-db,db_cpu_percent,88.6,%
1279,2026-06-29 18:25:00,recommendation-db,db_connection_count,51.0,count
1280,2026-06-29 18:25:00,recommendation-db,db_read_qps,1065.0,qps
1281,2026-06-29 18:25:00,recommendation-db,db_write_qps,194.0,qps
1282,2026-06-29 18:25:00,recommendation-db,db_query_latency_ms,5.1,ms
1283,2026-06-29 18:25:00,recommendation-cache,cache_hit_rate,77.81,%
1284,2026-06-29 18:25:00,recommendation-cache,cache_refresh_rate,129.0,ops
1285,2026-06-29 18:25:00,recommendation-cache,cache_evictions,8.0,count
1286,2026-06-29 18:25:00,ranking-service,pod_cpu_percent,93.9,%
1287,2026-06-29 18:25:00,ranking-service,pod_memory_percent,56.8,%
1288,2026-06-29 18:25:00,business,recommendation_ctr,4.06,%
1289,2026-06-29 18:25:00,business,homepage_load_time,339.32,ms
1290,2026-06-29 18:26:00,recommendation-api,recommendation_requests_total,12203.0,count
1291,2026-06-29 18:26:00,recommendation-api,recommendation_latency_ms,132.35,ms
1292,2026-06-29 18:26:00,recommendation-api,recommendation_error_rate,0.015,%
1293,2026-06-29 18:26:00,recommendation-db,db_cpu_percent,86.7,%
1294,2026-06-29 18:26:00,recommendation-db,db_connection_count,49.0,count
1295,2026-06-29 18:26:00,recommendation-db,db_read_qps,1034.0,qps
1296,2026-06-29 18:26:00,recommendation-db,db_write_qps,192.0,qps
1297,2026-06-29 18:26:00,recommendation-db,db_query_latency_ms,4.86,ms
1298,2026-06-29 18:26:00,recommendation-cache,cache_hit_rate,78.8,%
1299,2026-06-29 18:26:00,recommendation-cache,cache_refresh_rate,130.0,ops
1300,2026-06-29 18:26:00,recommendation-cache,cache_evictions,8.0,count
1301,2026-06-29 18:26:00,ranking-service,pod_cpu_percent,97.6,%
1302,2026-06-29 18:26:00,ranking-service,pod_memory_percent,57.0,%
1303,2026-06-29 18:26:00,business,recommendation_ctr,4.15,%
1304,2026-06-29 18:26:00,business,homepage_load_time,352.35,ms
1305,2026-06-29 18:27:00,recommendation-api,recommendation_requests_total,12406.0,count
1306,2026-06-29 18:27:00,recommendation-api,recommendation_latency_ms,123.77,ms
1307,2026-06-29 18:27:00,recommendation-api,recommendation_error_rate,0.025,%
1308,2026-06-29 18:27:00,recommendation-db,db_cpu_percent,87.0,%
1309,2026-06-29 18:27:00,recommendation-db,db_connection_count,50.0,count
1310,2026-06-29 18:27:00,recommendation-db,db_read_qps,1055.0,qps
1311,2026-06-29 18:27:00,recommendation-db,db_write_qps,199.0,qps
1312,2026-06-29 18:27:00,recommendation-db,db_query_latency_ms,4.83,ms
1313,2026-06-29 18:27:00,recommendation-cache,cache_hit_rate,78.72,%
1314,2026-06-29 18:27:00,recommendation-cache,cache_refresh_rate,131.0,ops
1315,2026-06-29 18:27:00,recommendation-cache,cache_evictions,8.0,count
1316,2026-06-29 18:27:00,ranking-service,pod_cpu_percent,98.0,%
1317,2026-06-29 18:27:00,ranking-service,pod_memory_percent,57.2,%
1318,2026-06-29 18:27:00,business,recommendation_ctr,4.31,%
1319,2026-06-29 18:27:00,business,homepage_load_time,343.77,ms
1320,2026-06-29 18:28:00,recommendation-api,recommendation_requests_total,12608.0,count
1321,2026-06-29 18:28:00,recommendation-api,recommendation_latency_ms,120.35,ms
1322,2026-06-29 18:28:00,recommendation-api,recommendation_error_rate,0.016,%
1323,2026-06-29 18:28:00,recommendation-db,db_cpu_percent,90.5,%
1324,2026-06-29 18:28:00,recommendation-db,db_connection_count,53.0,count
1325,2026-06-29 18:28:00,recommendation-db,db_read_qps,1108.0,qps
1326,2026-06-29 18:28:00,recommendation-db,db_write_qps,197.0,qps
1327,2026-06-29 18:28:00,recommendation-db,db_query_latency_ms,4.25,ms
1328,2026-06-29 18:28:00,recommendation-cache,cache_hit_rate,78.02,%
1329,2026-06-29 18:28:00,recommendation-cache,cache_refresh_rate,132.0,ops
1330,2026-06-29 18:28:00,recommendation-cache,cache_evictions,6.0,count
1331,2026-06-29 18:28:00,ranking-service,pod_cpu_percent,98.0,%
1332,2026-06-29 18:28:00,ranking-service,pod_memory_percent,57.1,%
1333,2026-06-29 18:28:00,business,recommendation_ctr,4.2,%
1334,2026-06-29 18:28:00,business,homepage_load_time,340.35,ms
1335,2026-06-29 18:29:00,recommendation-api,recommendation_requests_total,12809.0,count
1336,2026-06-29 18:29:00,recommendation-api,recommendation_latency_ms,118.76,ms
1337,2026-06-29 18:29:00,recommendation-api,recommendation_error_rate,0.022,%
1338,2026-06-29 18:29:00,recommendation-db,db_cpu_percent,93.4,%
1339,2026-06-29 18:29:00,recommendation-db,db_connection_count,53.0,count
1340,2026-06-29 18:29:00,recommendation-db,db_read_qps,1146.0,qps
1341,2026-06-29 18:29:00,recommendation-db,db_write_qps,192.0,qps
1342,2026-06-29 18:29:00,recommendation-db,db_query_latency_ms,5.15,ms
1343,2026-06-29 18:29:00,recommendation-cache,cache_hit_rate,77.62,%
1344,2026-06-29 18:29:00,recommendation-cache,cache_refresh_rate,133.0,ops
1345,2026-06-29 18:29:00,recommendation-cache,cache_evictions,7.0,count
1346,2026-06-29 18:29:00,ranking-service,pod_cpu_percent,98.0,%
1347,2026-06-29 18:29:00,ranking-service,pod_memory_percent,57.1,%
1348,2026-06-29 18:29:00,business,recommendation_ctr,4.22,%
1349,2026-06-29 18:29:00,business,homepage_load_time,338.76,ms
1350,2026-06-29 18:30:00,recommendation-api,recommendation_requests_total,13010.0,count
1351,2026-06-29 18:30:00,recommendation-api,recommendation_latency_ms,120.08,ms
1352,2026-06-29 18:30:00,recommendation-api,recommendation_error_rate,0.031,%
1353,2026-06-29 18:30:00,recommendation-db,db_cpu_percent,55.6,%
1354,2026-06-29 18:30:00,recommendation-db,db_connection_count,45.0,count
1355,2026-06-29 18:30:00,recommendation-db,db_read_qps,1412.0,qps
1356,2026-06-29 18:30:00,recommendation-db,db_write_qps,297.0,qps
1357,2026-06-29 18:30:00,recommendation-db,db_query_latency_ms,4.55,ms
1358,2026-06-29 18:30:00,recommendation-cache,cache_hit_rate,78.28,%
1359,2026-06-29 18:30:00,recommendation-cache,cache_refresh_rate,135.0,ops
1360,2026-06-29 18:30:00,recommendation-cache,cache_evictions,12.0,count
1361,2026-06-29 18:30:00,ranking-service,pod_cpu_percent,98.0,%
1362,2026-06-29 18:30:00,ranking-service,pod_memory_percent,57.1,%
1363,2026-06-29 18:30:00,business,recommendation_ctr,4.1,%
1364,2026-06-29 18:30:00,business,homepage_load_time,340.08,ms
1365,2026-06-29 18:31:00,recommendation-api,recommendation_requests_total,13540.0,count
1366,2026-06-29 18:31:00,recommendation-api,recommendation_latency_ms,130.18,ms
1367,2026-06-29 18:31:00,recommendation-api,recommendation_error_rate,0.019,%
1368,2026-06-29 18:31:00,recommendation-db,db_cpu_percent,54.6,%
1369,2026-06-29 18:31:00,recommendation-db,db_connection_count,46.0,count
1370,2026-06-29 18:31:00,recommendation-db,db_read_qps,1449.0,qps
1371,2026-06-29 18:31:00,recommendation-db,db_write_qps,317.0,qps
1372,2026-06-29 18:31:00,recommendation-db,db_query_latency_ms,6.18,ms
1373,2026-06-29 18:31:00,recommendation-cache,cache_hit_rate,78.6,%
1374,2026-06-29 18:31:00,recommendation-cache,cache_refresh_rate,141.0,ops
1375,2026-06-29 18:31:00,recommendation-cache,cache_evictions,12.0,count
1376,2026-06-29 18:31:00,ranking-service,pod_cpu_percent,98.0,%
1377,2026-06-29 18:31:00,ranking-service,pod_memory_percent,57.1,%
1378,2026-06-29 18:31:00,business,recommendation_ctr,4.14,%
1379,2026-06-29 18:31:00,business,homepage_load_time,350.18,ms
1380,2026-06-29 18:32:00,recommendation-api,recommendation_requests_total,14079.0,count
1381,2026-06-29 18:32:00,recommendation-api,recommendation_latency_ms,126.35,ms
1382,2026-06-29 18:32:00,recommendation-api,recommendation_error_rate,0.022,%
1383,2026-06-29 18:32:00,recommendation-db,db_cpu_percent,57.6,%
1384,2026-06-29 18:32:00,recommendation-db,db_connection_count,49.0,count
1385,2026-06-29 18:32:00,recommendation-db,db_read_qps,1787.0,qps
1386,2026-06-29 18:32:00,recommendation-db,db_write_qps,340.0,qps
1387,2026-06-29 18:32:00,recommendation-db,db_query_latency_ms,6.4,ms
1388,2026-06-29 18:32:00,recommendation-cache,cache_hit_rate,74.6,%
1389,2026-06-29 18:32:00,recommendation-cache,cache_refresh_rate,148.0,ops
1390,2026-06-29 18:32:00,recommendation-cache,cache_evictions,12.0,count
1391,2026-06-29 18:32:00,ranking-service,pod_cpu_percent,98.0,%
1392,2026-06-29 18:32:00,ranking-service,pod_memory_percent,57.8,%
1393,2026-06-29 18:32:00,business,recommendation_ctr,4.14,%
1394,2026-06-29 18:32:00,business,homepage_load_time,346.35,ms
1395,2026-06-29 18:33:00,recommendation-api,recommendation_requests_total,14627.0,count
1396,2026-06-29 18:33:00,recommendation-api,recommendation_latency_ms,119.51,ms
1397,2026-06-29 18:33:00,recommendation-api,recommendation_error_rate,0.013,%
1398,2026-06-29 18:33:00,recommendation-db,db_cpu_percent,58.2,%
1399,2026-06-29 18:33:00,recommendation-db,db_connection_count,54.0,count
1400,2026-06-29 18:33:00,recommendation-db,db_read_qps,1693.0,qps
1401,2026-06-29 18:33:00,recommendation-db,db_write_qps,361.0,qps
1402,2026-06-29 18:33:00,recommendation-db,db_query_latency_ms,8.57,ms
1403,2026-06-29 18:33:00,recommendation-cache,cache_hit_rate,76.85,%
1404,2026-06-29 18:33:00,recommendation-cache,cache_refresh_rate,154.0,ops
1405,2026-06-29 18:33:00,recommendation-cache,cache_evictions,13.0,count
1406,2026-06-29 18:33:00,ranking-service,pod_cpu_percent,98.0,%
1407,2026-06-29 18:33:00,ranking-service,pod_memory_percent,57.8,%
1408,2026-06-29 18:33:00,business,recommendation_ctr,4.2,%
1409,2026-06-29 18:33:00,business,homepage_load_time,339.51,ms
1410,2026-06-29 18:34:00,recommendation-api,recommendation_requests_total,15184.0,count
1411,2026-06-29 18:34:00,recommendation-api,recommendation_latency_ms,140.13,ms
1412,2026-06-29 18:34:00,recommendation-api,recommendation_error_rate,0.023,%
1413,2026-06-29 18:34:00,recommendation-db,db_cpu_percent,58.1,%
1414,2026-06-29 18:34:00,recommendation-db,db_connection_count,56.0,count
1415,2026-06-29 18:34:00,recommendation-db,db_read_qps,1825.0,qps
1416,2026-06-29 18:34:00,recommendation-db,db_write_qps,386.0,qps
1417,2026-06-29 18:34:00,recommendation-db,db_query_latency_ms,12.27,ms
1418,2026-06-29 18:34:00,recommendation-cache,cache_hit_rate,75.95,%
1419,2026-06-29 18:34:00,recommendation-cache,cache_refresh_rate,161.0,ops
1420,2026-06-29 18:34:00,recommendation-cache,cache_evictions,13.0,count
1421,2026-06-29 18:34:00,ranking-service,pod_cpu_percent,98.0,%
1422,2026-06-29 18:34:00,ranking-service,pod_memory_percent,58.2,%
1423,2026-06-29 18:34:00,business,recommendation_ctr,4.25,%
1424,2026-06-29 18:34:00,business,homepage_load_time,360.13,ms
1425,2026-06-29 18:35:00,recommendation-api,recommendation_requests_total,15749.0,count
1426,2026-06-29 18:35:00,recommendation-api,recommendation_latency_ms,141.98,ms
1427,2026-06-29 18:35:00,recommendation-api,recommendation_error_rate,0.034,%
1428,2026-06-29 18:35:00,recommendation-db,db_cpu_percent,61.8,%
1429,2026-06-29 18:35:00,recommendation-db,db_connection_count,57.0,count
1430,2026-06-29 18:35:00,recommendation-db,db_read_qps,1918.0,qps
1431,2026-06-29 18:35:00,recommendation-db,db_write_qps,409.0,qps
1432,2026-06-29 18:35:00,recommendation-db,db_query_latency_ms,16.22,ms
1433,2026-06-29 18:35:00,recommendation-cache,cache_hit_rate,75.64,%
1434,2026-06-29 18:35:00,recommendation-cache,cache_refresh_rate,167.0,ops
1435,2026-06-29 18:35:00,recommendation-cache,cache_evictions,14.0,count
1436,2026-06-29 18:35:00,ranking-service,pod_cpu_percent,98.0,%
1437,2026-06-29 18:35:00,ranking-service,pod_memory_percent,58.3,%
1438,2026-06-29 18:35:00,business,recommendation_ctr,4.13,%
1439,2026-06-29 18:35:00,business,homepage_load_time,361.98,ms
1440,2026-06-29 18:36:00,recommendation-api,recommendation_requests_total,16323.0,count
1441,2026-06-29 18:36:00,recommendation-api,recommendation_latency_ms,146.55,ms
1442,2026-06-29 18:36:00,recommendation-api,recommendation_error_rate,0.016,%
1443,2026-06-29 18:36:00,recommendation-db,db_cpu_percent,61.7,%
1444,2026-06-29 18:36:00,recommendation-db,db_connection_count,59.0,count
1445,2026-06-29 18:36:00,recommendation-db,db_read_qps,2206.0,qps
1446,2026-06-29 18:36:00,recommendation-db,db_write_qps,435.0,qps
1447,2026-06-29 18:36:00,recommendation-db,db_query_latency_ms,19.91,ms
1448,2026-06-29 18:36:00,recommendation-cache,cache_hit_rate,72.97,%
1449,2026-06-29 18:36:00,recommendation-cache,cache_refresh_rate,174.0,ops
1450,2026-06-29 18:36:00,recommendation-cache,cache_evictions,14.0,count
1451,2026-06-29 18:36:00,ranking-service,pod_cpu_percent,98.0,%
1452,2026-06-29 18:36:00,ranking-service,pod_memory_percent,58.0,%
1453,2026-06-29 18:36:00,business,recommendation_ctr,4.01,%
1454,2026-06-29 18:36:00,business,homepage_load_time,366.55,ms
1455,2026-06-29 18:37:00,recommendation-api,recommendation_requests_total,16905.0,count
1456,2026-06-29 18:37:00,recommendation-api,recommendation_latency_ms,152.01,ms
1457,2026-06-29 18:37:00,recommendation-api,recommendation_error_rate,0.02,%
1458,2026-06-29 18:37:00,recommendation-db,db_cpu_percent,63.5,%
1459,2026-06-29 18:37:00,recommendation-db,db_connection_count,63.0,count
1460,2026-06-29 18:37:00,recommendation-db,db_read_qps,2348.0,qps
1461,2026-06-29 18:37:00,recommendation-db,db_write_qps,459.0,qps
1462,2026-06-29 18:37:00,recommendation-db,db_query_latency_ms,23.42,ms
1463,2026-06-29 18:37:00,recommendation-cache,cache_hit_rate,72.22,%
1464,2026-06-29 18:37:00,recommendation-cache,cache_refresh_rate,180.0,ops
1465,2026-06-29 18:37:00,recommendation-cache,cache_evictions,14.0,count
1466,2026-06-29 18:37:00,ranking-service,pod_cpu_percent,98.0,%
1467,2026-06-29 18:37:00,ranking-service,pod_memory_percent,59.1,%
1468,2026-06-29 18:37:00,business,recommendation_ctr,4.2,%
1469,2026-06-29 18:37:00,business,homepage_load_time,372.01,ms
1470,2026-06-29 18:38:00,recommendation-api,recommendation_requests_total,17495.0,count
1471,2026-06-29 18:38:00,recommendation-api,recommendation_latency_ms,154.78,ms
1472,2026-06-29 18:38:00,recommendation-api,recommendation_error_rate,0.018,%
1473,2026-06-29 18:38:00,recommendation-db,db_cpu_percent,63.6,%
1474,2026-06-29 18:38:00,recommendation-db,db_connection_count,65.0,count
1475,2026-06-29 18:38:00,recommendation-db,db_read_qps,2267.0,qps
1476,2026-06-29 18:38:00,recommendation-db,db_write_qps,486.0,qps
1477,2026-06-29 18:38:00,recommendation-db,db_query_latency_ms,27.49,ms
1478,2026-06-29 18:38:00,recommendation-cache,cache_hit_rate,74.08,%
1479,2026-06-29 18:38:00,recommendation-cache,cache_refresh_rate,187.0,ops
1480,2026-06-29 18:38:00,recommendation-cache,cache_evictions,15.0,count
1481,2026-06-29 18:38:00,ranking-service,pod_cpu_percent,98.0,%
1482,2026-06-29 18:38:00,ranking-service,pod_memory_percent,58.9,%
1483,2026-06-29 18:38:00,business,recommendation_ctr,4.13,%
1484,2026-06-29 18:38:00,business,homepage_load_time,374.78,ms
1485,2026-06-29 18:39:00,recommendation-api,recommendation_requests_total,18094.0,count
1486,2026-06-29 18:39:00,recommendation-api,recommendation_latency_ms,181.96,ms
1487,2026-06-29 18:39:00,recommendation-api,recommendation_error_rate,0.029,%
1488,2026-06-29 18:39:00,recommendation-db,db_cpu_percent,65.5,%
1489,2026-06-29 18:39:00,recommendation-db,db_connection_count,66.0,count
1490,2026-06-29 18:39:00,recommendation-db,db_read_qps,2316.0,qps
1491,2026-06-29 18:39:00,recommendation-db,db_write_qps,511.0,qps
1492,2026-06-29 18:39:00,recommendation-db,db_query_latency_ms,32.48,ms
1493,2026-06-29 18:39:00,recommendation-cache,cache_hit_rate,74.4,%
1494,2026-06-29 18:39:00,recommendation-cache,cache_refresh_rate,193.0,ops
1495,2026-06-29 18:39:00,recommendation-cache,cache_evictions,15.0,count
1496,2026-06-29 18:39:00,ranking-service,pod_cpu_percent,98.0,%
1497,2026-06-29 18:39:00,ranking-service,pod_memory_percent,59.4,%
1498,2026-06-29 18:39:00,business,recommendation_ctr,4.21,%
1499,2026-06-29 18:39:00,business,homepage_load_time,401.96,ms
1500,2026-06-29 18:40:00,recommendation-api,recommendation_requests_total,18700.0,count
1501,2026-06-29 18:40:00,recommendation-api,recommendation_latency_ms,183.12,ms
1502,2026-06-29 18:40:00,recommendation-api,recommendation_error_rate,0.033,%
1503,2026-06-29 18:40:00,recommendation-db,db_cpu_percent,66.9,%
1504,2026-06-29 18:40:00,recommendation-db,db_connection_count,70.0,count
1505,2026-06-29 18:40:00,recommendation-db,db_read_qps,2581.0,qps
1506,2026-06-29 18:40:00,recommendation-db,db_write_qps,540.0,qps
1507,2026-06-29 18:40:00,recommendation-db,db_query_latency_ms,37.9,ms
1508,2026-06-29 18:40:00,recommendation-cache,cache_hit_rate,72.39,%
1509,2026-06-29 18:40:00,recommendation-cache,cache_refresh_rate,200.0,ops
1510,2026-06-29 18:40:00,recommendation-cache,cache_evictions,16.0,count
1511,2026-06-29 18:40:00,ranking-service,pod_cpu_percent,98.0,%
1512,2026-06-29 18:40:00,ranking-service,pod_memory_percent,59.3,%
1513,2026-06-29 18:40:00,business,recommendation_ctr,4.22,%
1514,2026-06-29 18:40:00,business,homepage_load_time,403.12,ms
1515,2026-06-29 18:41:00,recommendation-api,recommendation_requests_total,19314.0,count
1516,2026-06-29 18:41:00,recommendation-api,recommendation_latency_ms,191.62,ms
1517,2026-06-29 18:41:00,recommendation-api,recommendation_error_rate,0.024,%
1518,2026-06-29 18:41:00,recommendation-db,db_cpu_percent,67.3,%
1519,2026-06-29 18:41:00,recommendation-db,db_connection_count,71.0,count
1520,2026-06-29 18:41:00,recommendation-db,db_read_qps,2594.0,qps
1521,2026-06-29 18:41:00,recommendation-db,db_write_qps,566.0,qps
1522,2026-06-29 18:41:00,recommendation-db,db_query_latency_ms,41.61,ms
1523,2026-06-29 18:41:00,recommendation-cache,cache_hit_rate,73.14,%
1524,2026-06-29 18:41:00,recommendation-cache,cache_refresh_rate,206.0,ops
1525,2026-06-29 18:41:00,recommendation-cache,cache_evictions,16.0,count
1526,2026-06-29 18:41:00,ranking-service,pod_cpu_percent,98.0,%
1527,2026-06-29 18:41:00,ranking-service,pod_memory_percent,59.7,%
1528,2026-06-29 18:41:00,business,recommendation_ctr,4.25,%
1529,2026-06-29 18:41:00,business,homepage_load_time,411.62,ms
1530,2026-06-29 18:42:00,recommendation-api,recommendation_requests_total,19936.0,count
1531,2026-06-29 18:42:00,recommendation-api,recommendation_latency_ms,205.95,ms
1532,2026-06-29 18:42:00,recommendation-api,recommendation_error_rate,0.026,%
1533,2026-06-29 18:42:00,recommendation-db,db_cpu_percent,69.9,%
1534,2026-06-29 18:42:00,recommendation-db,db_connection_count,75.0,count
1535,2026-06-29 18:42:00,recommendation-db,db_read_qps,2697.0,qps
1536,2026-06-29 18:42:00,recommendation-db,db_write_qps,596.0,qps
1537,2026-06-29 18:42:00,recommendation-db,db_query_latency_ms,47.67,ms
1538,2026-06-29 18:42:00,recommendation-cache,cache_hit_rate,72.94,%
1539,2026-06-29 18:42:00,recommendation-cache,cache_refresh_rate,213.0,ops
1540,2026-06-29 18:42:00,recommendation-cache,cache_evictions,16.0,count
1541,2026-06-29 18:42:00,ranking-service,pod_cpu_percent,98.0,%
1542,2026-06-29 18:42:00,ranking-service,pod_memory_percent,59.6,%
1543,2026-06-29 18:42:00,business,recommendation_ctr,4.1,%
1544,2026-06-29 18:42:00,business,homepage_load_time,425.95,ms
1545,2026-06-29 18:43:00,recommendation-api,recommendation_requests_total,20565.0,count
1546,2026-06-29 18:43:00,recommendation-api,recommendation_latency_ms,213.94,ms
1547,2026-06-29 18:43:00,recommendation-api,recommendation_error_rate,0.005,%
1548,2026-06-29 18:43:00,recommendation-db,db_cpu_percent,69.9,%
1549,2026-06-29 18:43:00,recommendation-db,db_connection_count,77.0,count
1550,2026-06-29 18:43:00,recommendation-db,db_read_qps,3023.0,qps
1551,2026-06-29 18:43:00,recommendation-db,db_write_qps,624.0,qps
1552,2026-06-29 18:43:00,recommendation-db,db_query_latency_ms,55.04,ms
1553,2026-06-29 18:43:00,recommendation-cache,cache_hit_rate,70.6,%
1554,2026-06-29 18:43:00,recommendation-cache,cache_refresh_rate,219.0,ops
1555,2026-06-29 18:43:00,recommendation-cache,cache_evictions,17.0,count
1556,2026-06-29 18:43:00,ranking-service,pod_cpu_percent,98.0,%
1557,2026-06-29 18:43:00,ranking-service,pod_memory_percent,60.6,%
1558,2026-06-29 18:43:00,business,recommendation_ctr,4.22,%
1559,2026-06-29 18:43:00,business,homepage_load_time,433.94,ms
1560,2026-06-29 18:44:00,recommendation-api,recommendation_requests_total,21201.0,count
1561,2026-06-29 18:44:00,recommendation-api,recommendation_latency_ms,233.2,ms
1562,2026-06-29 18:44:00,recommendation-api,recommendation_error_rate,0.027,%
1563,2026-06-29 18:44:00,recommendation-db,db_cpu_percent,71.5,%
1564,2026-06-29 18:44:00,recommendation-db,db_connection_count,79.0,count
1565,2026-06-29 18:44:00,recommendation-db,db_read_qps,3271.0,qps
1566,2026-06-29 18:44:00,recommendation-db,db_write_qps,655.0,qps
1567,2026-06-29 18:44:00,recommendation-db,db_query_latency_ms,59.39,ms
1568,2026-06-29 18:44:00,recommendation-cache,cache_hit_rate,69.14,%
1569,2026-06-29 18:44:00,recommendation-cache,cache_refresh_rate,226.0,ops
1570,2026-06-29 18:44:00,recommendation-cache,cache_evictions,17.0,count
1571,2026-06-29 18:44:00,ranking-service,pod_cpu_percent,98.0,%
1572,2026-06-29 18:44:00,ranking-service,pod_memory_percent,60.8,%
1573,2026-06-29 18:44:00,business,recommendation_ctr,4.04,%
1574,2026-06-29 18:44:00,business,homepage_load_time,453.2,ms
1575,2026-06-29 18:45:00,recommendation-api,recommendation_requests_total,21844.0,count
1576,2026-06-29 18:45:00,recommendation-api,recommendation_latency_ms,346.17,ms
1577,2026-06-29 18:45:00,recommendation-api,recommendation_error_rate,0.016,%
1578,2026-06-29 18:45:00,recommendation-db,db_cpu_percent,71.9,%
1579,2026-06-29 18:45:00,recommendation-db,db_connection_count,82.0,count
1580,2026-06-29 18:45:00,recommendation-db,db_read_qps,3454.0,qps
1581,2026-06-29 18:45:00,recommendation-db,db_write_qps,684.0,qps
1582,2026-06-29 18:45:00,recommendation-db,db_query_latency_ms,66.19,ms
1583,2026-06-29 18:45:00,recommendation-cache,cache_hit_rate,68.37,%
1584,2026-06-29 18:45:00,recommendation-cache,cache_refresh_rate,232.0,ops
1585,2026-06-29 18:45:00,recommendation-cache,cache_evictions,18.0,count
1586,2026-06-29 18:45:00,ranking-service,pod_cpu_percent,98.0,%
1587,2026-06-29 18:45:00,ranking-service,pod_memory_percent,61.0,%
1588,2026-06-29 18:45:00,business,recommendation_ctr,4.2,%
1589,2026-06-29 18:45:00,business,homepage_load_time,566.17,ms
1590,2026-06-29 18:46:00,recommendation-api,recommendation_requests_total,22494.0,count
1591,2026-06-29 18:46:00,recommendation-api,recommendation_latency_ms,379.47,ms
1592,2026-06-29 18:46:00,recommendation-api,recommendation_error_rate,0.163,%
1593,2026-06-29 18:46:00,recommendation-db,db_cpu_percent,72.2,%
1594,2026-06-29 18:46:00,recommendation-db,db_connection_count,85.0,count
1595,2026-06-29 18:46:00,recommendation-db,db_read_qps,3492.0,qps
1596,2026-06-29 18:46:00,recommendation-db,db_write_qps,717.0,qps
1597,2026-06-29 18:46:00,recommendation-db,db_query_latency_ms,69.71,ms
1598,2026-06-29 18:46:00,recommendation-cache,cache_hit_rate,68.94,%
1599,2026-06-29 18:46:00,recommendation-cache,cache_refresh_rate,239.0,ops
1600,2026-06-29 18:46:00,recommendation-cache,cache_evictions,18.0,count
1601,2026-06-29 18:46:00,ranking-service,pod_cpu_percent,98.0,%
1602,2026-06-29 18:46:00,ranking-service,pod_memory_percent,60.8,%
1603,2026-06-29 18:46:00,business,recommendation_ctr,4.15,%
1604,2026-06-29 18:46:00,business,homepage_load_time,599.47,ms
1605,2026-06-29 18:47:00,recommendation-api,recommendation_requests_total,23151.0,count
1606,2026-06-29 18:47:00,recommendation-api,recommendation_latency_ms,412.71,ms
1607,2026-06-29 18:47:00,recommendation-api,recommendation_error_rate,0.474,%
1608,2026-06-29 18:47:00,recommendation-db,db_cpu_percent,74.9,%
1609,2026-06-29 18:47:00,recommendation-db,db_connection_count,87.0,count
1610,2026-06-29 18:47:00,recommendation-db,db_read_qps,3877.0,qps
1611,2026-06-29 18:47:00,recommendation-db,db_write_qps,747.0,qps
1612,2026-06-29 18:47:00,recommendation-db,db_query_latency_ms,79.79,ms
1613,2026-06-29 18:47:00,recommendation-cache,cache_hit_rate,66.51,%
1614,2026-06-29 18:47:00,recommendation-cache,cache_refresh_rate,245.0,ops
1615,2026-06-29 18:47:00,recommendation-cache,cache_evictions,18.0,count
1616,2026-06-29 18:47:00,ranking-service,pod_cpu_percent,98.0,%
1617,2026-06-29 18:47:00,ranking-service,pod_memory_percent,61.0,%
1618,2026-06-29 18:47:00,business,recommendation_ctr,4.1,%
1619,2026-06-29 18:47:00,business,homepage_load_time,632.71,ms
1620,2026-06-29 18:48:00,recommendation-api,recommendation_requests_total,23815.0,count
1621,2026-06-29 18:48:00,recommendation-api,recommendation_latency_ms,465.4,ms
1622,2026-06-29 18:48:00,recommendation-api,recommendation_error_rate,0.693,%
1623,2026-06-29 18:48:00,recommendation-db,db_cpu_percent,74.3,%
1624,2026-06-29 18:48:00,recommendation-db,db_connection_count,88.0,count
1625,2026-06-29 18:48:00,recommendation-db,db_read_qps,3787.0,qps
1626,2026-06-29 18:48:00,recommendation-db,db_write_qps,781.0,qps
1627,2026-06-29 18:48:00,recommendation-db,db_query_latency_ms,86.14,ms
1628,2026-06-29 18:48:00,recommendation-cache,cache_hit_rate,68.2,%
1629,2026-06-29 18:48:00,recommendation-cache,cache_refresh_rate,252.0,ops
1630,2026-06-29 18:48:00,recommendation-cache,cache_evictions,19.0,count
1631,2026-06-29 18:48:00,ranking-service,pod_cpu_percent,98.0,%
1632,2026-06-29 18:48:00,ranking-service,pod_memory_percent,61.5,%
1633,2026-06-29 18:48:00,business,recommendation_ctr,4.05,%
1634,2026-06-29 18:48:00,business,homepage_load_time,685.4,ms
1635,2026-06-29 18:49:00,recommendation-api,recommendation_requests_total,24485.0,count
1636,2026-06-29 18:49:00,recommendation-api,recommendation_latency_ms,509.1,ms
1637,2026-06-29 18:49:00,recommendation-api,recommendation_error_rate,0.862,%
1638,2026-06-29 18:49:00,recommendation-db,db_cpu_percent,78.0,%
1639,2026-06-29 18:49:00,recommendation-db,db_connection_count,92.0,count
1640,2026-06-29 18:49:00,recommendation-db,db_read_qps,4128.0,qps
1641,2026-06-29 18:49:00,recommendation-db,db_write_qps,812.0,qps
1642,2026-06-29 18:49:00,recommendation-db,db_query_latency_ms,94.37,ms
1643,2026-06-29 18:49:00,recommendation-cache,cache_hit_rate,66.28,%
1644,2026-06-29 18:49:00,recommendation-cache,cache_refresh_rate,258.0,ops
1645,2026-06-29 18:49:00,recommendation-cache,cache_evictions,19.0,count
1646,2026-06-29 18:49:00,ranking-service,pod_cpu_percent,98.0,%
1647,2026-06-29 18:49:00,ranking-service,pod_memory_percent,61.8,%
1648,2026-06-29 18:49:00,business,recommendation_ctr,4.0,%
1649,2026-06-29 18:49:00,business,homepage_load_time,729.1,ms
1650,2026-06-29 18:50:00,recommendation-api,recommendation_requests_total,25161.0,count
1651,2026-06-29 18:50:00,recommendation-api,recommendation_latency_ms,555.4,ms
1652,2026-06-29 18:50:00,recommendation-api,recommendation_error_rate,1.046,%
1653,2026-06-29 18:50:00,recommendation-db,db_cpu_percent,77.0,%
1654,2026-06-29 18:50:00,recommendation-db,db_connection_count,95.0,count
1655,2026-06-29 18:50:00,recommendation-db,db_read_qps,4286.0,qps
1656,2026-06-29 18:50:00,recommendation-db,db_write_qps,848.0,qps
1657,2026-06-29 18:50:00,recommendation-db,db_query_latency_ms,101.6,ms
1658,2026-06-29 18:50:00,recommendation-cache,cache_hit_rate,65.93,%
1659,2026-06-29 18:50:00,recommendation-cache,cache_refresh_rate,265.0,ops
1660,2026-06-29 18:50:00,recommendation-cache,cache_evictions,20.0,count
1661,2026-06-29 18:50:00,ranking-service,pod_cpu_percent,98.0,%
1662,2026-06-29 18:50:00,ranking-service,pod_memory_percent,61.7,%
1663,2026-06-29 18:50:00,business,recommendation_ctr,3.95,%
1664,2026-06-29 18:50:00,business,homepage_load_time,775.4,ms
1665,2026-06-29 18:51:00,recommendation-api,recommendation_requests_total,25843.0,count
1666,2026-06-29 18:51:00,recommendation-api,recommendation_latency_ms,614.23,ms
1667,2026-06-29 18:51:00,recommendation-api,recommendation_error_rate,1.243,%
1668,2026-06-29 18:51:00,recommendation-db,db_cpu_percent,78.4,%
1669,2026-06-29 18:51:00,recommendation-db,db_connection_count,98.0,count
1670,2026-06-29 18:51:00,recommendation-db,db_read_qps,4352.0,qps
1671,2026-06-29 18:51:00,recommendation-db,db_write_qps,880.0,qps
1672,2026-06-29 18:51:00,recommendation-db,db_query_latency_ms,106.49,ms
1673,2026-06-29 18:51:00,recommendation-cache,cache_hit_rate,66.32,%
1674,2026-06-29 18:51:00,recommendation-cache,cache_refresh_rate,271.0,ops
1675,2026-06-29 18:51:00,recommendation-cache,cache_evictions,20.0,count
1676,2026-06-29 18:51:00,ranking-service,pod_cpu_percent,98.0,%
1677,2026-06-29 18:51:00,ranking-service,pod_memory_percent,62.1,%
1678,2026-06-29 18:51:00,business,recommendation_ctr,3.9,%
1679,2026-06-29 18:51:00,business,homepage_load_time,834.23,ms
1680,2026-06-29 18:52:00,recommendation-api,recommendation_requests_total,26531.0,count
1681,2026-06-29 18:52:00,recommendation-api,recommendation_latency_ms,668.69,ms
1682,2026-06-29 18:52:00,recommendation-api,recommendation_error_rate,1.461,%
1683,2026-06-29 18:52:00,recommendation-db,db_cpu_percent,78.1,%
1684,2026-06-29 18:52:00,recommendation-db,db_connection_count,99.0,count
1685,2026-06-29 18:52:00,recommendation-db,db_read_qps,4588.0,qps
1686,2026-06-29 18:52:00,recommendation-db,db_write_qps,917.0,qps
1687,2026-06-29 18:52:00,recommendation-db,db_query_latency_ms,119.37,ms
1688,2026-06-29 18:52:00,recommendation-cache,cache_hit_rate,65.41,%
1689,2026-06-29 18:52:00,recommendation-cache,cache_refresh_rate,278.0,ops
1690,2026-06-29 18:52:00,recommendation-cache,cache_evictions,20.0,count
1691,2026-06-29 18:52:00,ranking-service,pod_cpu_percent,98.0,%
1692,2026-06-29 18:52:00,ranking-service,pod_memory_percent,62.7,%
1693,2026-06-29 18:52:00,business,recommendation_ctr,3.85,%
1694,2026-06-29 18:52:00,business,homepage_load_time,888.69,ms
1695,2026-06-29 18:53:00,recommendation-api,recommendation_requests_total,27224.0,count
1696,2026-06-29 18:53:00,recommendation-api,recommendation_latency_ms,730.8,ms
1697,2026-06-29 18:53:00,recommendation-api,recommendation_error_rate,1.703,%
1698,2026-06-29 18:53:00,recommendation-db,db_cpu_percent,80.7,%
1699,2026-06-29 18:53:00,recommendation-db,db_connection_count,104.0,count
1700,2026-06-29 18:53:00,recommendation-db,db_read_qps,4852.0,qps
1701,2026-06-29 18:53:00,recommendation-db,db_write_qps,951.0,qps
1702,2026-06-29 18:53:00,recommendation-db,db_query_latency_ms,125.68,ms
1703,2026-06-29 18:53:00,recommendation-cache,cache_hit_rate,64.35,%
1704,2026-06-29 18:53:00,recommendation-cache,cache_refresh_rate,284.0,ops
1705,2026-06-29 18:53:00,recommendation-cache,cache_evictions,21.0,count
1706,2026-06-29 18:53:00,ranking-service,pod_cpu_percent,98.0,%
1707,2026-06-29 18:53:00,ranking-service,pod_memory_percent,63.1,%
1708,2026-06-29 18:53:00,business,recommendation_ctr,3.8,%
1709,2026-06-29 18:53:00,business,homepage_load_time,950.8,ms
1710,2026-06-29 18:54:00,recommendation-api,recommendation_requests_total,27923.0,count
1711,2026-06-29 18:54:00,recommendation-api,recommendation_latency_ms,797.67,ms
1712,2026-06-29 18:54:00,recommendation-api,recommendation_error_rate,1.812,%
1713,2026-06-29 18:54:00,recommendation-db,db_cpu_percent,80.3,%
1714,2026-06-29 18:54:00,recommendation-db,db_connection_count,106.0,count
1715,2026-06-29 18:54:00,recommendation-db,db_read_qps,4992.0,qps
1716,2026-06-29 18:54:00,recommendation-db,db_write_qps,989.0,qps
1717,2026-06-29 18:54:00,recommendation-db,db_query_latency_ms,133.1,ms
1718,2026-06-29 18:54:00,recommendation-cache,cache_hit_rate,64.24,%
1719,2026-06-29 18:54:00,recommendation-cache,cache_refresh_rate,291.0,ops
1720,2026-06-29 18:54:00,recommendation-cache,cache_evictions,21.0,count
1721,2026-06-29 18:54:00,ranking-service,pod_cpu_percent,98.0,%
1722,2026-06-29 18:54:00,ranking-service,pod_memory_percent,63.2,%
1723,2026-06-29 18:54:00,business,recommendation_ctr,3.75,%
1724,2026-06-29 18:54:00,business,homepage_load_time,1017.67,ms
1725,2026-06-29 18:55:00,recommendation-api,recommendation_requests_total,28627.0,count
1726,2026-06-29 18:55:00,recommendation-api,recommendation_latency_ms,871.93,ms
1727,2026-06-29 18:55:00,recommendation-api,recommendation_error_rate,43.106,%
1728,2026-06-29 18:55:00,recommendation-db,db_cpu_percent,82.9,%
1729,2026-06-29 18:55:00,recommendation-db,db_connection_count,109.0,count
1730,2026-06-29 18:55:00,recommendation-db,db_read_qps,5249.0,qps
1731,2026-06-29 18:55:00,recommendation-db,db_write_qps,1024.0,qps
1732,2026-06-29 18:55:00,recommendation-db,db_query_latency_ms,143.43,ms
1733,2026-06-29 18:55:00,recommendation-cache,cache_hit_rate,63.32,%
1734,2026-06-29 18:55:00,recommendation-cache,cache_refresh_rate,297.0,ops
1735,2026-06-29 18:55:00,recommendation-cache,cache_evictions,22.0,count
1736,2026-06-29 18:55:00,ranking-service,pod_cpu_percent,98.0,%
1737,2026-06-29 18:55:00,ranking-service,pod_memory_percent,63.2,%
1738,2026-06-29 18:55:00,business,recommendation_ctr,3.7,%
1739,2026-06-29 18:55:00,business,homepage_load_time,1091.93,ms
1740,2026-06-29 18:56:00,recommendation-api,recommendation_requests_total,29336.0,count
1741,2026-06-29 18:56:00,recommendation-api,recommendation_latency_ms,954.61,ms
1742,2026-06-29 18:56:00,recommendation-api,recommendation_error_rate,46.808,%
1743,2026-06-29 18:56:00,recommendation-db,db_cpu_percent,84.3,%
1744,2026-06-29 18:56:00,recommendation-db,db_connection_count,109.0,count
1745,2026-06-29 18:56:00,recommendation-db,db_read_qps,5427.0,qps
1746,2026-06-29 18:56:00,recommendation-db,db_write_qps,1064.0,qps
1747,2026-06-29 18:56:00,recommendation-db,db_query_latency_ms,153.28,ms
1748,2026-06-29 18:56:00,recommendation-cache,cache_hit_rate,63.0,%
1749,2026-06-29 18:56:00,recommendation-cache,cache_refresh_rate,304.0,ops
1750,2026-06-29 18:56:00,recommendation-cache,cache_evictions,22.0,count
1751,2026-06-29 18:56:00,ranking-service,pod_cpu_percent,98.0,%
1752,2026-06-29 18:56:00,ranking-service,pod_memory_percent,63.7,%
1753,2026-06-29 18:56:00,business,recommendation_ctr,3.65,%
1754,2026-06-29 18:56:00,business,homepage_load_time,1174.61,ms
1755,2026-06-29 18:57:00,recommendation-api,recommendation_requests_total,30050.0,count
1756,2026-06-29 18:57:00,recommendation-api,recommendation_latency_ms,1021.22,ms
1757,2026-06-29 18:57:00,recommendation-api,recommendation_error_rate,47.828,%
1758,2026-06-29 18:57:00,recommendation-db,db_cpu_percent,83.3,%
1759,2026-06-29 18:57:00,recommendation-db,db_connection_count,114.0,count
1760,2026-06-29 18:57:00,recommendation-db,db_read_qps,5904.0,qps
1761,2026-06-29 18:57:00,recommendation-db,db_write_qps,1100.0,qps
1762,2026-06-29 18:57:00,recommendation-db,db_query_latency_ms,160.21,ms
1763,2026-06-29 18:57:00,recommendation-cache,cache_hit_rate,60.7,%
1764,2026-06-29 18:57:00,recommendation-cache,cache_refresh_rate,310.0,ops
1765,2026-06-29 18:57:00,recommendation-cache,cache_evictions,22.0,count
1766,2026-06-29 18:57:00,ranking-service,pod_cpu_percent,98.0,%
1767,2026-06-29 18:57:00,ranking-service,pod_memory_percent,63.8,%
1768,2026-06-29 18:57:00,business,recommendation_ctr,3.6,%
1769,2026-06-29 18:57:00,business,homepage_load_time,1241.22,ms
1770,2026-06-29 18:58:00,recommendation-api,recommendation_requests_total,30768.0,count
1771,2026-06-29 18:58:00,recommendation-api,recommendation_latency_ms,1138.83,ms
1772,2026-06-29 18:58:00,recommendation-api,recommendation_error_rate,57.252,%
1773,2026-06-29 18:58:00,recommendation-db,db_cpu_percent,86.8,%
1774,2026-06-29 18:58:00,recommendation-db,db_connection_count,114.0,count
1775,2026-06-29 18:58:00,recommendation-db,db_read_qps,5716.0,qps
1776,2026-06-29 18:58:00,recommendation-db,db_write_qps,1141.0,qps
1777,2026-06-29 18:58:00,recommendation-db,db_query_latency_ms,172.66,ms
1778,2026-06-29 18:58:00,recommendation-cache,cache_hit_rate,62.84,%
1779,2026-06-29 18:58:00,recommendation-cache,cache_refresh_rate,317.0,ops
1780,2026-06-29 18:58:00,recommendation-cache,cache_evictions,23.0,count
1781,2026-06-29 18:58:00,ranking-service,pod_cpu_percent,98.0,%
1782,2026-06-29 18:58:00,ranking-service,pod_memory_percent,64.8,%
1783,2026-06-29 18:58:00,business,recommendation_ctr,3.55,%
1784,2026-06-29 18:58:00,business,homepage_load_time,1358.83,ms
1785,2026-06-29 18:59:00,recommendation-api,recommendation_requests_total,31491.0,count
1786,2026-06-29 18:59:00,recommendation-api,recommendation_latency_ms,1234.7,ms
1787,2026-06-29 18:59:00,recommendation-api,recommendation_error_rate,64.977,%
1788,2026-06-29 18:59:00,recommendation-db,db_cpu_percent,85.3,%
1789,2026-06-29 18:59:00,recommendation-db,db_connection_count,118.0,count
1790,2026-06-29 18:59:00,recommendation-db,db_read_qps,6422.0,qps
1791,2026-06-29 18:59:00,recommendation-db,db_write_qps,1178.0,qps
1792,2026-06-29 18:59:00,recommendation-db,db_query_latency_ms,182.39,ms
1793,2026-06-29 18:59:00,recommendation-cache,cache_hit_rate,59.21,%
1794,2026-06-29 18:59:00,recommendation-cache,cache_refresh_rate,323.0,ops
1795,2026-06-29 18:59:00,recommendation-cache,cache_evictions,23.0,count
1796,2026-06-29 18:59:00,ranking-service,pod_cpu_percent,98.0,%
1797,2026-06-29 18:59:00,ranking-service,pod_memory_percent,64.8,%
1798,2026-06-29 18:59:00,business,recommendation_ctr,3.5,%
1799,2026-06-29 18:59:00,business,homepage_load_time,1454.7,ms
1800,2026-06-29 19:00:00,recommendation-api,recommendation_requests_total,32217.0,count
1801,2026-06-29 19:00:00,recommendation-api,recommendation_latency_ms,1299.85,ms
1802,2026-06-29 19:00:00,recommendation-api,recommendation_error_rate,69.408,%
1803,2026-06-29 19:00:00,recommendation-db,db_cpu_percent,88.3,%
1804,2026-06-29 19:00:00,recommendation-db,db_connection_count,120.0,count
1805,2026-06-29 19:00:00,recommendation-db,db_read_qps,6321.0,qps
1806,2026-06-29 19:00:00,recommendation-db,db_write_qps,1221.0,qps
1807,2026-06-29 19:00:00,recommendation-db,db_query_latency_ms,189.64,ms
1808,2026-06-29 19:00:00,recommendation-cache,cache_hit_rate,60.76,%
1809,2026-06-29 19:00:00,recommendation-cache,cache_refresh_rate,330.0,ops
1810,2026-06-29 19:00:00,recommendation-cache,cache_evictions,24.0,count
1811,2026-06-29 19:00:00,ranking-service,pod_cpu_percent,98.0,%
1812,2026-06-29 19:00:00,ranking-service,pod_memory_percent,64.9,%
1813,2026-06-29 19:00:00,business,recommendation_ctr,3.45,%
1814,2026-06-29 19:00:00,business,homepage_load_time,1519.85,ms
1815,2026-06-29 19:01:00,recommendation-api,recommendation_requests_total,32610.0,count
1816,2026-06-29 19:01:00,recommendation-api,recommendation_latency_ms,1420.99,ms
1817,2026-06-29 19:01:00,recommendation-api,recommendation_error_rate,73.113,%
1818,2026-06-29 19:01:00,recommendation-db,db_cpu_percent,88.0,%
1819,2026-06-29 19:01:00,recommendation-db,db_connection_count,122.0,count
1820,2026-06-29 19:01:00,recommendation-db,db_read_qps,6781.0,qps
1821,2026-06-29 19:01:00,recommendation-db,db_write_qps,1243.0,qps
1822,2026-06-29 19:01:00,recommendation-db,db_query_latency_ms,201.05,ms
1823,2026-06-29 19:01:00,recommendation-cache,cache_hit_rate,58.41,%
1824,2026-06-29 19:01:00,recommendation-cache,cache_refresh_rate,336.0,ops
1825,2026-06-29 19:01:00,recommendation-cache,cache_evictions,24.0,count
1826,2026-06-29 19:01:00,ranking-service,pod_cpu_percent,98.0,%
1827,2026-06-29 19:01:00,ranking-service,pod_memory_percent,65.2,%
1828,2026-06-29 19:01:00,business,recommendation_ctr,3.4,%
1829,2026-06-29 19:01:00,business,homepage_load_time,1640.99,ms
1830,2026-06-29 19:02:00,recommendation-api,recommendation_requests_total,32998.0,count
1831,2026-06-29 19:02:00,recommendation-api,recommendation_latency_ms,1507.91,ms
1832,2026-06-29 19:02:00,recommendation-api,recommendation_error_rate,80.031,%
1833,2026-06-29 19:02:00,recommendation-db,db_cpu_percent,90.0,%
1834,2026-06-29 19:02:00,recommendation-db,db_connection_count,125.0,count
1835,2026-06-29 19:02:00,recommendation-db,db_read_qps,6959.0,qps
1836,2026-06-29 19:02:00,recommendation-db,db_write_qps,1269.0,qps
1837,2026-06-29 19:02:00,recommendation-db,db_query_latency_ms,208.83,ms
1838,2026-06-29 19:02:00,recommendation-cache,cache_hit_rate,57.82,%
1839,2026-06-29 19:02:00,recommendation-cache,cache_refresh_rate,343.0,ops
1840,2026-06-29 19:02:00,recommendation-cache,cache_evictions,24.0,count
1841,2026-06-29 19:02:00,ranking-service,pod_cpu_percent,98.0,%
1842,2026-06-29 19:02:00,ranking-service,pod_memory_percent,65.3,%
1843,2026-06-29 19:02:00,business,recommendation_ctr,3.35,%
1844,2026-06-29 19:02:00,business,homepage_load_time,1727.91,ms
1845,2026-06-29 19:03:00,recommendation-api,recommendation_requests_total,33382.0,count
1846,2026-06-29 19:03:00,recommendation-api,recommendation_latency_ms,1621.67,ms
1847,2026-06-29 19:03:00,recommendation-api,recommendation_error_rate,92.025,%
1848,2026-06-29 19:03:00,recommendation-db,db_cpu_percent,91.7,%
1849,2026-06-29 19:03:00,recommendation-db,db_connection_count,127.0,count
1850,2026-06-29 19:03:00,recommendation-db,db_read_qps,7242.0,qps
1851,2026-06-29 19:03:00,recommendation-db,db_write_qps,1291.0,qps
1852,2026-06-29 19:03:00,recommendation-db,db_query_latency_ms,220.69,ms
1853,2026-06-29 19:03:00,recommendation-cache,cache_hit_rate,56.61,%
1854,2026-06-29 19:03:00,recommendation-cache,cache_refresh_rate,349.0,ops
1855,2026-06-29 19:03:00,recommendation-cache,cache_evictions,25.0,count
1856,2026-06-29 19:03:00,ranking-service,pod_cpu_percent,98.0,%
1857,2026-06-29 19:03:00,ranking-service,pod_memory_percent,65.3,%
1858,2026-06-29 19:03:00,business,recommendation_ctr,3.3,%
1859,2026-06-29 19:03:00,business,homepage_load_time,1841.67,ms
1860,2026-06-29 19:04:00,recommendation-api,recommendation_requests_total,33761.0,count
1861,2026-06-29 19:04:00,recommendation-api,recommendation_latency_ms,1721.77,ms
1862,2026-06-29 19:04:00,recommendation-api,recommendation_error_rate,94.718,%
1863,2026-06-29 19:04:00,recommendation-db,db_cpu_percent,92.9,%
1864,2026-06-29 19:04:00,recommendation-db,db_connection_count,130.0,count
1865,2026-06-29 19:04:00,recommendation-db,db_read_qps,7136.0,qps
1866,2026-06-29 19:04:00,recommendation-db,db_write_qps,1317.0,qps
1867,2026-06-29 19:04:00,recommendation-db,db_query_latency_ms,230.7,ms
1868,2026-06-29 19:04:00,recommendation-cache,cache_hit_rate,57.72,%
1869,2026-06-29 19:04:00,recommendation-cache,cache_refresh_rate,356.0,ops
1870,2026-06-29 19:04:00,recommendation-cache,cache_evictions,25.0,count
1871,2026-06-29 19:04:00,ranking-service,pod_cpu_percent,98.0,%
1872,2026-06-29 19:04:00,ranking-service,pod_memory_percent,65.9,%
1873,2026-06-29 19:04:00,business,recommendation_ctr,3.25,%
1874,2026-06-29 19:04:00,business,homepage_load_time,1941.77,ms
1875,2026-06-29 19:05:00,recommendation-api,recommendation_requests_total,34136.0,count
1876,2026-06-29 19:05:00,recommendation-api,recommendation_latency_ms,2343.94,ms
1877,2026-06-29 19:05:00,recommendation-api,recommendation_error_rate,98.5,%
1878,2026-06-29 19:05:00,recommendation-db,db_cpu_percent,100.0,%
1879,2026-06-29 19:05:00,recommendation-db,db_connection_count,150.0,count
1880,2026-06-29 19:05:00,recommendation-db,db_read_qps,7551.0,qps
1881,2026-06-29 19:05:00,recommendation-db,db_write_qps,1339.0,qps
1882,2026-06-29 19:05:00,recommendation-db,db_query_latency_ms,381.76,ms
1883,2026-06-29 19:05:00,recommendation-cache,cache_hit_rate,55.76,%
1884,2026-06-29 19:05:00,recommendation-cache,cache_refresh_rate,362.0,ops
1885,2026-06-29 19:05:00,recommendation-cache,cache_evictions,26.0,count
1886,2026-06-29 19:05:00,ranking-service,pod_cpu_percent,98.0,%
1887,2026-06-29 19:05:00,ranking-service,pod_memory_percent,65.5,%
1888,2026-06-29 19:05:00,business,recommendation_ctr,3.2,%
1889,2026-06-29 19:05:00,business,homepage_load_time,2563.94,ms
1890,2026-06-29 19:06:00,recommendation-api,recommendation_requests_total,34506.0,count
1891,2026-06-29 19:06:00,recommendation-api,recommendation_latency_ms,2571.28,ms
1892,2026-06-29 19:06:00,recommendation-api,recommendation_error_rate,98.5,%
1893,2026-06-29 19:06:00,recommendation-db,db_cpu_percent,100.0,%
1894,2026-06-29 19:06:00,recommendation-db,db_connection_count,150.0,count
1895,2026-06-29 19:06:00,recommendation-db,db_read_qps,7474.0,qps
1896,2026-06-29 19:06:00,recommendation-db,db_write_qps,1365.0,qps
1897,2026-06-29 19:06:00,recommendation-db,db_query_latency_ms,429.61,ms
1898,2026-06-29 19:06:00,recommendation-cache,cache_hit_rate,56.68,%
1899,2026-06-29 19:06:00,recommendation-cache,cache_refresh_rate,369.0,ops
1900,2026-06-29 19:06:00,recommendation-cache,cache_evictions,26.0,count
1901,2026-06-29 19:06:00,ranking-service,pod_cpu_percent,98.0,%
1902,2026-06-29 19:06:00,ranking-service,pod_memory_percent,65.9,%
1903,2026-06-29 19:06:00,business,recommendation_ctr,3.15,%
1904,2026-06-29 19:06:00,business,homepage_load_time,2791.28,ms
1905,2026-06-29 19:07:00,recommendation-api,recommendation_requests_total,34871.0,count
1906,2026-06-29 19:07:00,recommendation-api,recommendation_latency_ms,2572.42,ms
1907,2026-06-29 19:07:00,recommendation-api,recommendation_error_rate,98.5,%
1908,2026-06-29 19:07:00,recommendation-db,db_cpu_percent,100.0,%
1909,2026-06-29 19:07:00,recommendation-db,db_connection_count,148.0,count
1910,2026-06-29 19:07:00,recommendation-db,db_read_qps,7738.0,qps
1911,2026-06-29 19:07:00,recommendation-db,db_write_qps,1387.0,qps
1912,2026-06-29 19:07:00,recommendation-db,db_query_latency_ms,403.02,ms
1913,2026-06-29 19:07:00,recommendation-cache,cache_hit_rate,55.61,%
1914,2026-06-29 19:07:00,recommendation-cache,cache_refresh_rate,375.0,ops
1915,2026-06-29 19:07:00,recommendation-cache,cache_evictions,26.0,count
1916,2026-06-29 19:07:00,ranking-service,pod_cpu_percent,98.0,%
1917,2026-06-29 19:07:00,ranking-service,pod_memory_percent,65.8,%
1918,2026-06-29 19:07:00,business,recommendation_ctr,3.1,%
1919,2026-06-29 19:07:00,business,homepage_load_time,2792.42,ms
1920,2026-06-29 19:08:00,recommendation-api,recommendation_requests_total,35232.0,count
1921,2026-06-29 19:08:00,recommendation-api,recommendation_latency_ms,2803.24,ms
1922,2026-06-29 19:08:00,recommendation-api,recommendation_error_rate,98.5,%
1923,2026-06-29 19:08:00,recommendation-db,db_cpu_percent,100.0,%
1924,2026-06-29 19:08:00,recommendation-db,db_connection_count,148.0,count
1925,2026-06-29 19:08:00,recommendation-db,db_read_qps,8133.0,qps
1926,2026-06-29 19:08:00,recommendation-db,db_write_qps,1413.0,qps
1927,2026-06-29 19:08:00,recommendation-db,db_query_latency_ms,446.01,ms
1928,2026-06-29 19:08:00,recommendation-cache,cache_hit_rate,53.83,%
1929,2026-06-29 19:08:00,recommendation-cache,cache_refresh_rate,382.0,ops
1930,2026-06-29 19:08:00,recommendation-cache,cache_evictions,27.0,count
1931,2026-06-29 19:08:00,ranking-service,pod_cpu_percent,98.0,%
1932,2026-06-29 19:08:00,ranking-service,pod_memory_percent,66.0,%
1933,2026-06-29 19:08:00,business,recommendation_ctr,3.05,%
1934,2026-06-29 19:08:00,business,homepage_load_time,3023.24,ms
1935,2026-06-29 19:09:00,recommendation-api,recommendation_requests_total,35588.0,count
1936,2026-06-29 19:09:00,recommendation-api,recommendation_latency_ms,2761.32,ms
1937,2026-06-29 19:09:00,recommendation-api,recommendation_error_rate,98.5,%
1938,2026-06-29 19:09:00,recommendation-db,db_cpu_percent,100.0,%
1939,2026-06-29 19:09:00,recommendation-db,db_connection_count,148.0,count
1940,2026-06-29 19:09:00,recommendation-db,db_read_qps,7977.0,qps
1941,2026-06-29 19:09:00,recommendation-db,db_write_qps,1435.0,qps
1942,2026-06-29 19:09:00,recommendation-db,db_query_latency_ms,406.61,ms
1943,2026-06-29 19:09:00,recommendation-cache,cache_hit_rate,55.17,%
1944,2026-06-29 19:09:00,recommendation-cache,cache_refresh_rate,388.0,ops
1945,2026-06-29 19:09:00,recommendation-cache,cache_evictions,27.0,count
1946,2026-06-29 19:09:00,ranking-service,pod_cpu_percent,98.0,%
1947,2026-06-29 19:09:00,ranking-service,pod_memory_percent,66.1,%
1948,2026-06-29 19:09:00,business,recommendation_ctr,3.0,%
1949,2026-06-29 19:09:00,business,homepage_load_time,2981.32,ms
1950,2026-06-29 19:10:00,recommendation-api,recommendation_requests_total,35938.0,count
1951,2026-06-29 19:10:00,recommendation-api,recommendation_latency_ms,2855.74,ms
1952,2026-06-29 19:10:00,recommendation-api,recommendation_error_rate,98.5,%
1953,2026-06-29 19:10:00,recommendation-db,db_cpu_percent,100.0,%
1954,2026-06-29 19:10:00,recommendation-db,db_connection_count,149.0,count
1955,2026-06-29 19:10:00,recommendation-db,db_read_qps,8485.0,qps
1956,2026-06-29 19:10:00,recommendation-db,db_write_qps,1461.0,qps
1957,2026-06-29 19:10:00,recommendation-db,db_query_latency_ms,405.75,ms
1958,2026-06-29 19:10:00,recommendation-cache,cache_hit_rate,52.78,%
1959,2026-06-29 19:10:00,recommendation-cache,cache_refresh_rate,395.0,ops
1960,2026-06-29 19:10:00,recommendation-cache,cache_evictions,28.0,count
1961,2026-06-29 19:10:00,ranking-service,pod_cpu_percent,98.0,%
1962,2026-06-29 19:10:00,ranking-service,pod_memory_percent,66.5,%
1963,2026-06-29 19:10:00,business,recommendation_ctr,2.95,%
1964,2026-06-29 19:10:00,business,homepage_load_time,3075.74,ms
1965,2026-06-29 19:11:00,recommendation-api,recommendation_requests_total,36284.0,count
1966,2026-06-29 19:11:00,recommendation-api,recommendation_latency_ms,3059.85,ms
1967,2026-06-29 19:11:00,recommendation-api,recommendation_error_rate,98.5,%
1968,2026-06-29 19:11:00,recommendation-db,db_cpu_percent,100.0,%
1969,2026-06-29 19:11:00,recommendation-db,db_connection_count,148.0,count
1970,2026-06-29 19:11:00,recommendation-db,db_read_qps,8815.0,qps
1971,2026-06-29 19:11:00,recommendation-db,db_write_qps,1483.0,qps
1972,2026-06-29 19:11:00,recommendation-db,db_query_latency_ms,440.75,ms
1973,2026-06-29 19:11:00,recommendation-cache,cache_hit_rate,51.41,%
1974,2026-06-29 19:11:00,recommendation-cache,cache_refresh_rate,401.0,ops
1975,2026-06-29 19:11:00,recommendation-cache,cache_evictions,28.0,count
1976,2026-06-29 19:11:00,ranking-service,pod_cpu_percent,98.0,%
1977,2026-06-29 19:11:00,ranking-service,pod_memory_percent,66.4,%
1978,2026-06-29 19:11:00,business,recommendation_ctr,2.9,%
1979,2026-06-29 19:11:00,business,homepage_load_time,3279.85,ms
1980,2026-06-29 19:12:00,recommendation-api,recommendation_requests_total,36625.0,count
1981,2026-06-29 19:12:00,recommendation-api,recommendation_latency_ms,3133.64,ms
1982,2026-06-29 19:12:00,recommendation-api,recommendation_error_rate,98.5,%
1983,2026-06-29 19:12:00,recommendation-db,db_cpu_percent,100.0,%
1984,2026-06-29 19:12:00,recommendation-db,db_connection_count,148.0,count
1985,2026-06-29 19:12:00,recommendation-db,db_read_qps,8653.0,qps
1986,2026-06-29 19:12:00,recommendation-db,db_write_qps,1509.0,qps
1987,2026-06-29 19:12:00,recommendation-db,db_query_latency_ms,428.53,ms
1988,2026-06-29 19:12:00,recommendation-cache,cache_hit_rate,52.74,%
1989,2026-06-29 19:12:00,recommendation-cache,cache_refresh_rate,408.0,ops
1990,2026-06-29 19:12:00,recommendation-cache,cache_evictions,28.0,count
1991,2026-06-29 19:12:00,ranking-service,pod_cpu_percent,98.0,%
1992,2026-06-29 19:12:00,ranking-service,pod_memory_percent,66.4,%
1993,2026-06-29 19:12:00,business,recommendation_ctr,2.85,%
1994,2026-06-29 19:12:00,business,homepage_load_time,3353.64,ms
1995,2026-06-29 19:13:00,recommendation-api,recommendation_requests_total,36960.0,count
1996,2026-06-29 19:13:00,recommendation-api,recommendation_latency_ms,3217.83,ms
1997,2026-06-29 19:13:00,recommendation-api,recommendation_error_rate,98.5,%
1998,2026-06-29 19:13:00,recommendation-db,db_cpu_percent,100.0,%
1999,2026-06-29 19:13:00,recommendation-db,db_connection_count,149.0,count
2000,2026-06-29 19:13:00,recommendation-db,db_read_qps,8853.0,qps
2001,2026-06-29 19:13:00,recommendation-db,db_write_qps,1531.0,qps
2002,2026-06-29 19:13:00,recommendation-db,db_query_latency_ms,421.44,ms
2003,2026-06-29 19:13:00,recommendation-cache,cache_hit_rate,52.09,%
2004,2026-06-29 19:13:00,recommendation-cache,cache_refresh_rate,414.0,ops
2005,2026-06-29 19:13:00,recommendation-cache,cache_evictions,29.0,count
2006,2026-06-29 19:13:00,ranking-service,pod_cpu_percent,98.0,%
2007,2026-06-29 19:13:00,ranking-service,pod_memory_percent,66.6,%
2008,2026-06-29 19:13:00,business,recommendation_ctr,2.8,%
2009,2026-06-29 19:13:00,business,homepage_load_time,3437.83,ms
2010,2026-06-29 19:14:00,recommendation-api,recommendation_requests_total,37290.0,count
2011,2026-06-29 19:14:00,recommendation-api,recommendation_latency_ms,3397.59,ms
2012,2026-06-29 19:14:00,recommendation-api,recommendation_error_rate,98.5,%
2013,2026-06-29 19:14:00,recommendation-db,db_cpu_percent,100.0,%
2014,2026-06-29 19:14:00,recommendation-db,db_connection_count,148.0,count
2015,2026-06-29 19:14:00,recommendation-db,db_read_qps,9083.0,qps
2016,2026-06-29 19:14:00,recommendation-db,db_write_qps,1557.0,qps
2017,2026-06-29 19:14:00,recommendation-db,db_query_latency_ms,439.7,ms
2018,2026-06-29 19:14:00,recommendation-cache,cache_hit_rate,51.28,%
2019,2026-06-29 19:14:00,recommendation-cache,cache_refresh_rate,421.0,ops
2020,2026-06-29 19:14:00,recommendation-cache,cache_evictions,29.0,count
2021,2026-06-29 19:14:00,ranking-service,pod_cpu_percent,98.0,%
2022,2026-06-29 19:14:00,ranking-service,pod_memory_percent,66.9,%
2023,2026-06-29 19:14:00,business,recommendation_ctr,2.75,%
2024,2026-06-29 19:14:00,business,homepage_load_time,3617.59,ms
2025,2026-06-29 19:15:00,recommendation-api,recommendation_requests_total,37615.0,count
2026,2026-06-29 19:15:00,recommendation-api,recommendation_latency_ms,3539.58,ms
2027,2026-06-29 19:15:00,recommendation-api,recommendation_error_rate,98.5,%
2028,2026-06-29 19:15:00,recommendation-db,db_cpu_percent,100.0,%
2029,2026-06-29 19:15:00,recommendation-db,db_connection_count,149.0,count
2030,2026-06-29 19:15:00,recommendation-db,db_read_qps,9190.0,qps
2031,2026-06-29 19:15:00,recommendation-db,db_write_qps,1579.0,qps
2032,2026-06-29 19:15:00,recommendation-db,db_query_latency_ms,453.32,ms
2033,2026-06-29 19:15:00,recommendation-cache,cache_hit_rate,51.13,%
2034,2026-06-29 19:15:00,recommendation-cache,cache_refresh_rate,427.0,ops
2035,2026-06-29 19:15:00,recommendation-cache,cache_evictions,30.0,count
2036,2026-06-29 19:15:00,ranking-service,pod_cpu_percent,98.0,%
2037,2026-06-29 19:15:00,ranking-service,pod_memory_percent,66.7,%
2038,2026-06-29 19:15:00,business,recommendation_ctr,2.7,%
2039,2026-06-29 19:15:00,business,homepage_load_time,3759.58,ms
2040,2026-06-29 19:16:00,recommendation-api,recommendation_requests_total,37935.0,count
2041,2026-06-29 19:16:00,recommendation-api,recommendation_latency_ms,3512.58,ms
2042,2026-06-29 19:16:00,recommendation-api,recommendation_error_rate,98.5,%
2043,2026-06-29 19:16:00,recommendation-db,db_cpu_percent,100.0,%
2044,2026-06-29 19:16:00,recommendation-db,db_connection_count,149.0,count
2045,2026-06-29 19:16:00,recommendation-db,db_read_qps,9311.0,qps
2046,2026-06-29 19:16:00,recommendation-db,db_write_qps,1605.0,qps
2047,2026-06-29 19:16:00,recommendation-db,db_query_latency_ms,415.56,ms
2048,2026-06-29 19:16:00,recommendation-cache,cache_hit_rate,50.91,%
2049,2026-06-29 19:16:00,recommendation-cache,cache_refresh_rate,434.0,ops
2050,2026-06-29 19:16:00,recommendation-cache,cache_evictions,30.0,count
2051,2026-06-29 19:16:00,ranking-service,pod_cpu_percent,98.0,%
2052,2026-06-29 19:16:00,ranking-service,pod_memory_percent,67.3,%
2053,2026-06-29 19:16:00,business,recommendation_ctr,2.65,%
2054,2026-06-29 19:16:00,business,homepage_load_time,3732.58,ms
2055,2026-06-29 19:17:00,recommendation-api,recommendation_requests_total,38250.0,count
2056,2026-06-29 19:17:00,recommendation-api,recommendation_latency_ms,3798.93,ms
2057,2026-06-29 19:17:00,recommendation-api,recommendation_error_rate,98.5,%
2058,2026-06-29 19:17:00,recommendation-db,db_cpu_percent,100.0,%
2059,2026-06-29 19:17:00,recommendation-db,db_connection_count,150.0,count
2060,2026-06-29 19:17:00,recommendation-db,db_read_qps,9585.0,qps
2061,2026-06-29 19:17:00,recommendation-db,db_write_qps,1628.0,qps
2062,2026-06-29 19:17:00,recommendation-db,db_query_latency_ms,466.81,ms
2063,2026-06-29 19:17:00,recommendation-cache,cache_hit_rate,49.88,%
2064,2026-06-29 19:17:00,recommendation-cache,cache_refresh_rate,440.0,ops
2065,2026-06-29 19:17:00,recommendation-cache,cache_evictions,30.0,count
2066,2026-06-29 19:17:00,ranking-service,pod_cpu_percent,98.0,%
2067,2026-06-29 19:17:00,ranking-service,pod_memory_percent,67.2,%
2068,2026-06-29 19:17:00,business,recommendation_ctr,2.6,%
2069,2026-06-29 19:17:00,business,homepage_load_time,4018.93,ms
2070,2026-06-29 19:18:00,recommendation-api,recommendation_requests_total,38558.0,count
2071,2026-06-29 19:18:00,recommendation-api,recommendation_latency_ms,3854.09,ms
2072,2026-06-29 19:18:00,recommendation-api,recommendation_error_rate,98.5,%
2073,2026-06-29 19:18:00,recommendation-db,db_cpu_percent,100.0,%
2074,2026-06-29 19:18:00,recommendation-db,db_connection_count,150.0,count
2075,2026-06-29 19:18:00,recommendation-db,db_read_qps,9602.0,qps
2076,2026-06-29 19:18:00,recommendation-db,db_write_qps,1653.0,qps
2077,2026-06-29 19:18:00,recommendation-db,db_query_latency_ms,446.88,ms
2078,2026-06-29 19:18:00,recommendation-cache,cache_hit_rate,50.19,%
2079,2026-06-29 19:18:00,recommendation-cache,cache_refresh_rate,447.0,ops
2080,2026-06-29 19:18:00,recommendation-cache,cache_evictions,31.0,count
2081,2026-06-29 19:18:00,ranking-service,pod_cpu_percent,98.0,%
2082,2026-06-29 19:18:00,ranking-service,pod_memory_percent,67.4,%
2083,2026-06-29 19:18:00,business,recommendation_ctr,2.55,%
2084,2026-06-29 19:18:00,business,homepage_load_time,4074.09,ms
2085,2026-06-29 19:19:00,recommendation-api,recommendation_requests_total,38862.0,count
2086,2026-06-29 19:19:00,recommendation-api,recommendation_latency_ms,4033.02,ms
2087,2026-06-29 19:19:00,recommendation-api,recommendation_error_rate,98.5,%
2088,2026-06-29 19:19:00,recommendation-db,db_cpu_percent,100.0,%
2089,2026-06-29 19:19:00,recommendation-db,db_connection_count,148.0,count
2090,2026-06-29 19:19:00,recommendation-db,db_read_qps,9776.0,qps
2091,2026-06-29 19:19:00,recommendation-db,db_write_qps,1676.0,qps
2092,2026-06-29 19:19:00,recommendation-db,db_query_latency_ms,463.06,ms
2093,2026-06-29 19:19:00,recommendation-cache,cache_hit_rate,49.69,%
2094,2026-06-29 19:19:00,recommendation-cache,cache_refresh_rate,453.0,ops
2095,2026-06-29 19:19:00,recommendation-cache,cache_evictions,31.0,count
2096,2026-06-29 19:19:00,ranking-service,pod_cpu_percent,98.0,%
2097,2026-06-29 19:19:00,ranking-service,pod_memory_percent,67.5,%
2098,2026-06-29 19:19:00,business,recommendation_ctr,2.5,%
2099,2026-06-29 19:19:00,business,homepage_load_time,4253.02,ms
2100,2026-06-29 19:20:00,recommendation-api,recommendation_requests_total,39160.0,count
2101,2026-06-29 19:20:00,recommendation-api,recommendation_latency_ms,4144.72,ms
2102,2026-06-29 19:20:00,recommendation-api,recommendation_error_rate,98.5,%
2103,2026-06-29 19:20:00,recommendation-db,db_cpu_percent,100.0,%
2104,2026-06-29 19:20:00,recommendation-db,db_connection_count,149.0,count
2105,2026-06-29 19:20:00,recommendation-db,db_read_qps,10438.0,qps
2106,2026-06-29 19:20:00,recommendation-db,db_write_qps,1702.0,qps
2107,2026-06-29 19:20:00,recommendation-db,db_query_latency_ms,464.09,ms
2108,2026-06-29 19:20:00,recommendation-cache,cache_hit_rate,46.69,%
2109,2026-06-29 19:20:00,recommendation-cache,cache_refresh_rate,460.0,ops
2110,2026-06-29 19:20:00,recommendation-cache,cache_evictions,32.0,count
2111,2026-06-29 19:20:00,ranking-service,pod_cpu_percent,98.0,%
2112,2026-06-29 19:20:00,ranking-service,pod_memory_percent,67.8,%
2113,2026-06-29 19:20:00,business,recommendation_ctr,2.45,%
2114,2026-06-29 19:20:00,business,homepage_load_time,4364.72,ms
2115,2026-06-29 19:21:00,recommendation-api,recommendation_requests_total,39452.0,count
2116,2026-06-29 19:21:00,recommendation-api,recommendation_latency_ms,4294.04,ms
2117,2026-06-29 19:21:00,recommendation-api,recommendation_error_rate,98.5,%
2118,2026-06-29 19:21:00,recommendation-db,db_cpu_percent,100.0,%
2119,2026-06-29 19:21:00,recommendation-db,db_connection_count,150.0,count
2120,2026-06-29 19:21:00,recommendation-db,db_read_qps,10389.0,qps
2121,2026-06-29 19:21:00,recommendation-db,db_write_qps,1724.0,qps
2122,2026-06-29 19:21:00,recommendation-db,db_query_latency_ms,474.9,ms
2123,2026-06-29 19:21:00,recommendation-cache,cache_hit_rate,47.33,%
2124,2026-06-29 19:21:00,recommendation-cache,cache_refresh_rate,466.0,ops
2125,2026-06-29 19:21:00,recommendation-cache,cache_evictions,32.0,count
2126,2026-06-29 19:21:00,ranking-service,pod_cpu_percent,98.0,%
2127,2026-06-29 19:21:00,ranking-service,pod_memory_percent,67.5,%
2128,2026-06-29 19:21:00,business,recommendation_ctr,2.4,%
2129,2026-06-29 19:21:00,business,homepage_load_time,4514.04,ms
2130,2026-06-29 19:22:00,recommendation-api,recommendation_requests_total,39739.0,count
2131,2026-06-29 19:22:00,recommendation-api,recommendation_latency_ms,4518.73,ms
2132,2026-06-29 19:22:00,recommendation-api,recommendation_error_rate,98.5,%
2133,2026-06-29 19:22:00,recommendation-db,db_cpu_percent,100.0,%
2134,2026-06-29 19:22:00,recommendation-db,db_connection_count,150.0,count
2135,2026-06-29 19:22:00,recommendation-db,db_read_qps,10451.0,qps
2136,2026-06-29 19:22:00,recommendation-db,db_write_qps,1750.0,qps
2137,2026-06-29 19:22:00,recommendation-db,db_query_latency_ms,497.49,ms
2138,2026-06-29 19:22:00,recommendation-cache,cache_hit_rate,47.4,%
2139,2026-06-29 19:22:00,recommendation-cache,cache_refresh_rate,473.0,ops
2140,2026-06-29 19:22:00,recommendation-cache,cache_evictions,32.0,count
2141,2026-06-29 19:22:00,ranking-service,pod_cpu_percent,98.0,%
2142,2026-06-29 19:22:00,ranking-service,pod_memory_percent,67.8,%
2143,2026-06-29 19:22:00,business,recommendation_ctr,2.35,%
2144,2026-06-29 19:22:00,business,homepage_load_time,4738.73,ms
2145,2026-06-29 19:23:00,recommendation-api,recommendation_requests_total,40021.0,count
2146,2026-06-29 19:23:00,recommendation-api,recommendation_latency_ms,4587.53,ms
2147,2026-06-29 19:23:00,recommendation-api,recommendation_error_rate,98.5,%
2148,2026-06-29 19:23:00,recommendation-db,db_cpu_percent,100.0,%
2149,2026-06-29 19:23:00,recommendation-db,db_connection_count,150.0,count
2150,2026-06-29 19:23:00,recommendation-db,db_read_qps,10888.0,qps
2151,2026-06-29 19:23:00,recommendation-db,db_write_qps,1772.0,qps
2152,2026-06-29 19:23:00,recommendation-db,db_query_latency_ms,478.69,ms
2153,2026-06-29 19:23:00,recommendation-cache,cache_hit_rate,45.59,%
2154,2026-06-29 19:23:00,recommendation-cache,cache_refresh_rate,479.0,ops
2155,2026-06-29 19:23:00,recommendation-cache,cache_evictions,33.0,count
2156,2026-06-29 19:23:00,ranking-service,pod_cpu_percent,98.0,%
2157,2026-06-29 19:23:00,ranking-service,pod_memory_percent,68.1,%
2158,2026-06-29 19:23:00,business,recommendation_ctr,2.3,%
2159,2026-06-29 19:23:00,business,homepage_load_time,4807.53,ms
2160,2026-06-29 19:24:00,recommendation-api,recommendation_requests_total,40296.0,count
2161,2026-06-29 19:24:00,recommendation-api,recommendation_latency_ms,4654.9,ms
2162,2026-06-29 19:24:00,recommendation-api,recommendation_error_rate,98.5,%
2163,2026-06-29 19:24:00,recommendation-db,db_cpu_percent,100.0,%
2164,2026-06-29 19:24:00,recommendation-db,db_connection_count,150.0,count
2165,2026-06-29 19:24:00,recommendation-db,db_read_qps,10720.0,qps
2166,2026-06-29 19:24:00,recommendation-db,db_write_qps,1798.0,qps
2167,2026-06-29 19:24:00,recommendation-db,db_query_latency_ms,467.56,ms
2168,2026-06-29 19:24:00,recommendation-cache,cache_hit_rate,46.79,%
2169,2026-06-29 19:24:00,recommendation-cache,cache_refresh_rate,486.0,ops
2170,2026-06-29 19:24:00,recommendation-cache,cache_evictions,33.0,count
2171,2026-06-29 19:24:00,ranking-service,pod_cpu_percent,98.0,%
2172,2026-06-29 19:24:00,ranking-service,pod_memory_percent,68.1,%
2173,2026-06-29 19:24:00,business,recommendation_ctr,2.25,%
2174,2026-06-29 19:24:00,business,homepage_load_time,4874.9,ms
2175,2026-06-29 19:25:00,recommendation-api,recommendation_requests_total,40566.0,count
2176,2026-06-29 19:25:00,recommendation-api,recommendation_latency_ms,4949.44,ms
2177,2026-06-29 19:25:00,recommendation-api,recommendation_error_rate,98.5,%
2178,2026-06-29 19:25:00,recommendation-db,db_cpu_percent,100.0,%
2179,2026-06-29 19:25:00,recommendation-db,db_connection_count,148.0,count
2180,2026-06-29 19:25:00,recommendation-db,db_read_qps,11392.0,qps
2181,2026-06-29 19:25:00,recommendation-db,db_write_qps,1820.0,qps
2182,2026-06-29 19:25:00,recommendation-db,db_query_latency_ms,503.29,ms
2183,2026-06-29 19:25:00,recommendation-cache,cache_hit_rate,43.83,%
2184,2026-06-29 19:25:00,recommendation-cache,cache_refresh_rate,492.0,ops
2185,2026-06-29 19:25:00,recommendation-cache,cache_evictions,34.0,count
2186,2026-06-29 19:25:00,ranking-service,pod_cpu_percent,98.0,%
2187,2026-06-29 19:25:00,ranking-service,pod_memory_percent,68.1,%
2188,2026-06-29 19:25:00,business,recommendation_ctr,2.2,%
2189,2026-06-29 19:25:00,business,homepage_load_time,5169.44,ms
2190,2026-06-29 19:26:00,recommendation-api,recommendation_requests_total,40830.0,count
2191,2026-06-29 19:26:00,recommendation-api,recommendation_latency_ms,5080.74,ms
2192,2026-06-29 19:26:00,recommendation-api,recommendation_error_rate,98.5,%
2193,2026-06-29 19:26:00,recommendation-db,db_cpu_percent,100.0,%
2194,2026-06-29 19:26:00,recommendation-db,db_connection_count,150.0,count
2195,2026-06-29 19:26:00,recommendation-db,db_read_qps,11270.0,qps
2196,2026-06-29 19:26:00,recommendation-db,db_write_qps,1846.0,qps
2197,2026-06-29 19:26:00,recommendation-db,db_query_latency_ms,503.28,ms
2198,2026-06-29 19:26:00,recommendation-cache,cache_hit_rate,44.79,%
2199,2026-06-29 19:26:00,recommendation-cache,cache_refresh_rate,499.0,ops
2200,2026-06-29 19:26:00,recommendation-cache,cache_evictions,34.0,count
2201,2026-06-29 19:26:00,ranking-service,pod_cpu_percent,98.0,%
2202,2026-06-29 19:26:00,ranking-service,pod_memory_percent,68.1,%
2203,2026-06-29 19:26:00,business,recommendation_ctr,2.15,%
2204,2026-06-29 19:26:00,business,homepage_load_time,5300.74,ms
2205,2026-06-29 19:27:00,recommendation-api,recommendation_requests_total,41089.0,count
2206,2026-06-29 19:27:00,recommendation-api,recommendation_latency_ms,5221.15,ms
2207,2026-06-29 19:27:00,recommendation-api,recommendation_error_rate,98.5,%
2208,2026-06-29 19:27:00,recommendation-db,db_cpu_percent,100.0,%
2209,2026-06-29 19:27:00,recommendation-db,db_connection_count,148.0,count
2210,2026-06-29 19:27:00,recommendation-db,db_read_qps,11300.0,qps
2211,2026-06-29 19:27:00,recommendation-db,db_write_qps,1868.0,qps
2212,2026-06-29 19:27:00,recommendation-db,db_query_latency_ms,505.5,ms
2213,2026-06-29 19:27:00,recommendation-cache,cache_hit_rate,45.0,%
2214,2026-06-29 19:27:00,recommendation-cache,cache_refresh_rate,505.0,ops
2215,2026-06-29 19:27:00,recommendation-cache,cache_evictions,34.0,count
2216,2026-06-29 19:27:00,ranking-service,pod_cpu_percent,98.0,%
2217,2026-06-29 19:27:00,ranking-service,pod_memory_percent,68.4,%
2218,2026-06-29 19:27:00,business,recommendation_ctr,2.1,%
2219,2026-06-29 19:27:00,business,homepage_load_time,5441.15,ms
2220,2026-06-29 19:28:00,recommendation-api,recommendation_requests_total,41341.0,count
2221,2026-06-29 19:28:00,recommendation-api,recommendation_latency_ms,5325.36,ms
2222,2026-06-29 19:28:00,recommendation-api,recommendation_error_rate,98.5,%
2223,2026-06-29 19:28:00,recommendation-db,db_cpu_percent,100.0,%
2224,2026-06-29 19:28:00,recommendation-db,db_connection_count,149.0,count
2225,2026-06-29 19:28:00,recommendation-db,db_read_qps,11387.0,qps
2226,2026-06-29 19:28:00,recommendation-db,db_write_qps,1894.0,qps
2227,2026-06-29 19:28:00,recommendation-db,db_query_latency_ms,487.1,ms
2228,2026-06-29 19:28:00,recommendation-cache,cache_hit_rate,44.91,%
2229,2026-06-29 19:28:00,recommendation-cache,cache_refresh_rate,512.0,ops
2230,2026-06-29 19:28:00,recommendation-cache,cache_evictions,35.0,count
2231,2026-06-29 19:28:00,ranking-service,pod_cpu_percent,98.0,%
2232,2026-06-29 19:28:00,ranking-service,pod_memory_percent,68.7,%
2233,2026-06-29 19:28:00,business,recommendation_ctr,2.05,%
2234,2026-06-29 19:28:00,business,homepage_load_time,5545.36,ms
2235,2026-06-29 19:29:00,recommendation-api,recommendation_requests_total,41588.0,count
2236,2026-06-29 19:29:00,recommendation-api,recommendation_latency_ms,5592.3,ms
2237,2026-06-29 19:29:00,recommendation-api,recommendation_error_rate,98.5,%
2238,2026-06-29 19:29:00,recommendation-db,db_cpu_percent,100.0,%
2239,2026-06-29 19:29:00,recommendation-db,db_connection_count,148.0,count
2240,2026-06-29 19:29:00,recommendation-db,db_read_qps,12061.0,qps
2241,2026-06-29 19:29:00,recommendation-db,db_write_qps,1916.0,qps
2242,2026-06-29 19:29:00,recommendation-db,db_query_latency_ms,526.89,ms
2243,2026-06-29 19:29:00,recommendation-cache,cache_hit_rate,41.99,%
2244,2026-06-29 19:29:00,recommendation-cache,cache_refresh_rate,518.0,ops
2245,2026-06-29 19:29:00,recommendation-cache,cache_evictions,35.0,count
2246,2026-06-29 19:29:00,ranking-service,pod_cpu_percent,98.0,%
2247,2026-06-29 19:29:00,ranking-service,pod_memory_percent,68.8,%
2248,2026-06-29 19:29:00,business,recommendation_ctr,2.0,%
2249,2026-06-29 19:29:00,business,homepage_load_time,5812.3,ms
2250,2026-06-29 19:30:00,recommendation-api,recommendation_requests_total,41829.0,count
2251,2026-06-29 19:30:00,recommendation-api,recommendation_latency_ms,5812.89,ms
2252,2026-06-29 19:30:00,recommendation-api,recommendation_error_rate,98.5,%
2253,2026-06-29 19:30:00,recommendation-db,db_cpu_percent,100.0,%
2254,2026-06-29 19:30:00,recommendation-db,db_connection_count,150.0,count
2255,2026-06-29 19:30:00,recommendation-db,db_read_qps,12067.0,qps
2256,2026-06-29 19:30:00,recommendation-db,db_write_qps,1942.0,qps
2257,2026-06-29 19:30:00,recommendation-db,db_query_latency_ms,545.57,ms
2258,2026-06-29 19:30:00,recommendation-cache,cache_hit_rate,42.3,%
2259,2026-06-29 19:30:00,recommendation-cache,cache_refresh_rate,525.0,ops
2260,2026-06-29 19:30:00,recommendation-cache,cache_evictions,36.0,count
2261,2026-06-29 19:30:00,ranking-service,pod_cpu_percent,98.0,%
2262,2026-06-29 19:30:00,ranking-service,pod_memory_percent,68.6,%
2263,2026-06-29 19:30:00,business,recommendation_ctr,1.95,%
2264,2026-06-29 19:30:00,business,homepage_load_time,6032.89,ms
2265,2026-06-29 19:31:00,recommendation-api,recommendation_requests_total,41648.0,count
2266,2026-06-29 19:31:00,recommendation-api,recommendation_latency_ms,5885.0,ms
2267,2026-06-29 19:31:00,recommendation-api,recommendation_error_rate,98.5,%
2268,2026-06-29 19:31:00,recommendation-db,db_cpu_percent,100.0,%
2269,2026-06-29 19:31:00,recommendation-db,db_connection_count,149.0,count
2270,2026-06-29 19:31:00,recommendation-db,db_read_qps,11783.0,qps
2271,2026-06-29 19:31:00,recommendation-db,db_write_qps,1964.0,qps
2272,2026-06-29 19:31:00,recommendation-db,db_query_latency_ms,522.12,ms
2273,2026-06-29 19:31:00,recommendation-cache,cache_hit_rate,43.41,%
2274,2026-06-29 19:31:00,recommendation-cache,cache_refresh_rate,531.0,ops
2275,2026-06-29 19:31:00,recommendation-cache,cache_evictions,36.0,count
2276,2026-06-29 19:31:00,ranking-service,pod_cpu_percent,98.0,%
2277,2026-06-29 19:31:00,ranking-service,pod_memory_percent,68.9,%
2278,2026-06-29 19:31:00,business,recommendation_ctr,1.9,%
2279,2026-06-29 19:31:00,business,homepage_load_time,6105.0,ms
2280,2026-06-29 19:32:00,recommendation-api,recommendation_requests_total,41464.0,count
2281,2026-06-29 19:32:00,recommendation-api,recommendation_latency_ms,6116.85,ms
2282,2026-06-29 19:32:00,recommendation-api,recommendation_error_rate,98.5,%
2283,2026-06-29 19:32:00,recommendation-db,db_cpu_percent,100.0,%
2284,2026-06-29 19:32:00,recommendation-db,db_connection_count,149.0,count
2285,2026-06-29 19:32:00,recommendation-db,db_read_qps,12409.0,qps
2286,2026-06-29 19:32:00,recommendation-db,db_write_qps,1990.0,qps
2287,2026-06-29 19:32:00,recommendation-db,db_query_latency_ms,541.12,ms
2288,2026-06-29 19:32:00,recommendation-cache,cache_hit_rate,40.14,%
2289,2026-06-29 19:32:00,recommendation-cache,cache_refresh_rate,538.0,ops
2290,2026-06-29 19:32:00,recommendation-cache,cache_evictions,36.0,count
2291,2026-06-29 19:32:00,ranking-service,pod_cpu_percent,98.0,%
2292,2026-06-29 19:32:00,ranking-service,pod_memory_percent,68.4,%
2293,2026-06-29 19:32:00,business,recommendation_ctr,1.85,%
2294,2026-06-29 19:32:00,business,homepage_load_time,6336.85,ms
2295,2026-06-29 19:33:00,recommendation-api,recommendation_requests_total,41278.0,count
2296,2026-06-29 19:33:00,recommendation-api,recommendation_latency_ms,6234.59,ms
2297,2026-06-29 19:33:00,recommendation-api,recommendation_error_rate,98.5,%
2298,2026-06-29 19:33:00,recommendation-db,db_cpu_percent,100.0,%
2299,2026-06-29 19:33:00,recommendation-db,db_connection_count,148.0,count
2300,2026-06-29 19:33:00,recommendation-db,db_read_qps,12635.0,qps
2301,2026-06-29 19:33:00,recommendation-db,db_write_qps,2012.0,qps
2302,2026-06-29 19:33:00,recommendation-db,db_query_latency_ms,533.72,ms
2303,2026-06-29 19:33:00,recommendation-cache,cache_hit_rate,38.78,%
2304,2026-06-29 19:33:00,recommendation-cache,cache_refresh_rate,544.0,ops
2305,2026-06-29 19:33:00,recommendation-cache,cache_evictions,37.0,count
2306,2026-06-29 19:33:00,ranking-service,pod_cpu_percent,98.0,%
2307,2026-06-29 19:33:00,ranking-service,pod_memory_percent,68.6,%
2308,2026-06-29 19:33:00,business,recommendation_ctr,1.8,%
2309,2026-06-29 19:33:00,business,homepage_load_time,6454.59,ms
2310,2026-06-29 19:34:00,recommendation-api,recommendation_requests_total,41090.0,count
2311,2026-06-29 19:34:00,recommendation-api,recommendation_latency_ms,6483.25,ms
2312,2026-06-29 19:34:00,recommendation-api,recommendation_error_rate,98.5,%
2313,2026-06-29 19:34:00,recommendation-db,db_cpu_percent,100.0,%
2314,2026-06-29 19:34:00,recommendation-db,db_connection_count,149.0,count
2315,2026-06-29 19:34:00,recommendation-db,db_read_qps,11964.0,qps
2316,2026-06-29 19:34:00,recommendation-db,db_write_qps,2038.0,qps
2317,2026-06-29 19:34:00,recommendation-db,db_query_latency_ms,557.98,ms
2318,2026-06-29 19:34:00,recommendation-cache,cache_hit_rate,41.77,%
2319,2026-06-29 19:34:00,recommendation-cache,cache_refresh_rate,551.0,ops
2320,2026-06-29 19:34:00,recommendation-cache,cache_evictions,37.0,count
2321,2026-06-29 19:34:00,ranking-service,pod_cpu_percent,98.0,%
2322,2026-06-29 19:34:00,ranking-service,pod_memory_percent,68.5,%
2323,2026-06-29 19:34:00,business,recommendation_ctr,1.75,%
2324,2026-06-29 19:34:00,business,homepage_load_time,6703.25,ms
2325,2026-06-29 19:35:00,recommendation-api,recommendation_requests_total,40901.0,count
2326,2026-06-29 19:35:00,recommendation-api,recommendation_latency_ms,6589.06,ms
2327,2026-06-29 19:35:00,recommendation-api,recommendation_error_rate,98.5,%
2328,2026-06-29 19:35:00,recommendation-db,db_cpu_percent,100.0,%
2329,2026-06-29 19:35:00,recommendation-db,db_connection_count,148.0,count
2330,2026-06-29 19:35:00,recommendation-db,db_read_qps,12364.0,qps
2331,2026-06-29 19:35:00,recommendation-db,db_write_qps,2060.0,qps
2332,2026-06-29 19:35:00,recommendation-db,db_query_latency_ms,544.11,ms
2333,2026-06-29 19:35:00,recommendation-cache,cache_hit_rate,39.54,%
2334,2026-06-29 19:35:00,recommendation-cache,cache_refresh_rate,557.0,ops
2335,2026-06-29 19:35:00,recommendation-cache,cache_evictions,38.0,count
2336,2026-06-29 19:35:00,ranking-service,pod_cpu_percent,98.0,%
2337,2026-06-29 19:35:00,ranking-service,pod_memory_percent,68.8,%
2338,2026-06-29 19:35:00,business,recommendation_ctr,1.7,%
2339,2026-06-29 19:35:00,business,homepage_load_time,6809.06,ms
2340,2026-06-29 19:36:00,recommendation-api,recommendation_requests_total,40709.0,count
2341,2026-06-29 19:36:00,recommendation-api,recommendation_latency_ms,6790.49,ms
2342,2026-06-29 19:36:00,recommendation-api,recommendation_error_rate,98.5,%
2343,2026-06-29 19:36:00,recommendation-db,db_cpu_percent,100.0,%
2344,2026-06-29 19:36:00,recommendation-db,db_connection_count,149.0,count
2345,2026-06-29 19:36:00,recommendation-db,db_read_qps,12762.0,qps
2346,2026-06-29 19:36:00,recommendation-db,db_write_qps,2086.0,qps
2347,2026-06-29 19:36:00,recommendation-db,db_query_latency_ms,550.98,ms
2348,2026-06-29 19:36:00,recommendation-cache,cache_hit_rate,37.3,%
2349,2026-06-29 19:36:00,recommendation-cache,cache_refresh_rate,564.0,ops
2350,2026-06-29 19:36:00,recommendation-cache,cache_evictions,38.0,count
2351,2026-06-29 19:36:00,ranking-service,pod_cpu_percent,98.0,%
2352,2026-06-29 19:36:00,ranking-service,pod_memory_percent,68.2,%
2353,2026-06-29 19:36:00,business,recommendation_ctr,1.65,%
2354,2026-06-29 19:36:00,business,homepage_load_time,7010.49,ms
2355,2026-06-29 19:37:00,recommendation-api,recommendation_requests_total,40515.0,count
2356,2026-06-29 19:37:00,recommendation-api,recommendation_latency_ms,6992.98,ms
2357,2026-06-29 19:37:00,recommendation-api,recommendation_error_rate,98.5,%
2358,2026-06-29 19:37:00,recommendation-db,db_cpu_percent,100.0,%
2359,2026-06-29 19:37:00,recommendation-db,db_connection_count,148.0,count
2360,2026-06-29 19:37:00,recommendation-db,db_read_qps,12634.0,qps
2361,2026-06-29 19:37:00,recommendation-db,db_write_qps,2109.0,qps
2362,2026-06-29 19:37:00,recommendation-db,db_query_latency_ms,556.95,ms
2363,2026-06-29 19:37:00,recommendation-cache,cache_hit_rate,37.63,%
2364,2026-06-29 19:37:00,recommendation-cache,cache_refresh_rate,570.0,ops
2365,2026-06-29 19:37:00,recommendation-cache,cache_evictions,38.0,count
2366,2026-06-29 19:37:00,ranking-service,pod_cpu_percent,98.0,%
2367,2026-06-29 19:37:00,ranking-service,pod_memory_percent,68.3,%
2368,2026-06-29 19:37:00,business,recommendation_ctr,1.6,%
2369,2026-06-29 19:37:00,business,homepage_load_time,7212.98,ms
2370,2026-06-29 19:38:00,recommendation-api,recommendation_requests_total,40319.0,count
2371,2026-06-29 19:38:00,recommendation-api,recommendation_latency_ms,7116.56,ms
2372,2026-06-29 19:38:00,recommendation-api,recommendation_error_rate,98.5,%
2373,2026-06-29 19:38:00,recommendation-db,db_cpu_percent,100.0,%
2374,2026-06-29 19:38:00,recommendation-db,db_connection_count,150.0,count
2375,2026-06-29 19:38:00,recommendation-db,db_read_qps,12423.0,qps
2376,2026-06-29 19:38:00,recommendation-db,db_write_qps,2134.0,qps
2377,2026-06-29 19:38:00,recommendation-db,db_query_latency_ms,546.8,ms
2378,2026-06-29 19:38:00,recommendation-cache,cache_hit_rate,38.37,%
2379,2026-06-29 19:38:00,recommendation-cache,cache_refresh_rate,577.0,ops
2380,2026-06-29 19:38:00,recommendation-cache,cache_evictions,39.0,count
2381,2026-06-29 19:38:00,ranking-service,pod_cpu_percent,98.0,%
2382,2026-06-29 19:38:00,ranking-service,pod_memory_percent,68.2,%
2383,2026-06-29 19:38:00,business,recommendation_ctr,1.55,%
2384,2026-06-29 19:38:00,business,homepage_load_time,7336.56,ms
2385,2026-06-29 19:39:00,recommendation-api,recommendation_requests_total,40122.0,count
2386,2026-06-29 19:39:00,recommendation-api,recommendation_latency_ms,7407.23,ms
2387,2026-06-29 19:39:00,recommendation-api,recommendation_error_rate,98.5,%
2388,2026-06-29 19:39:00,recommendation-db,db_cpu_percent,100.0,%
2389,2026-06-29 19:39:00,recommendation-db,db_connection_count,148.0,count
2390,2026-06-29 19:39:00,recommendation-db,db_read_qps,12470.0,qps
2391,2026-06-29 19:39:00,recommendation-db,db_write_qps,2157.0,qps
2392,2026-06-29 19:39:00,recommendation-db,db_query_latency_ms,576.48,ms
2393,2026-06-29 19:39:00,recommendation-cache,cache_hit_rate,37.84,%
2394,2026-06-29 19:39:00,recommendation-cache,cache_refresh_rate,583.0,ops
2395,2026-06-29 19:39:00,recommendation-cache,cache_evictions,39.0,count
2396,2026-06-29 19:39:00,ranking-service,pod_cpu_percent,98.0,%
2397,2026-06-29 19:39:00,ranking-service,pod_memory_percent,68.2,%
2398,2026-06-29 19:39:00,business,recommendation_ctr,1.5,%
2399,2026-06-29 19:39:00,business,homepage_load_time,7627.23,ms
2400,2026-06-29 19:40:00,recommendation-api,recommendation_requests_total,39923.0,count
2401,2026-06-29 19:40:00,recommendation-api,recommendation_latency_ms,7602.9,ms
2402,2026-06-29 19:40:00,recommendation-api,recommendation_error_rate,98.5,%
2403,2026-06-29 19:40:00,recommendation-db,db_cpu_percent,100.0,%
2404,2026-06-29 19:40:00,recommendation-db,db_connection_count,148.0,count
2405,2026-06-29 19:40:00,recommendation-db,db_read_qps,13126.0,qps
2406,2026-06-29 19:40:00,recommendation-db,db_write_qps,2183.0,qps
2407,2026-06-29 19:40:00,recommendation-db,db_query_latency_ms,583.17,ms
2408,2026-06-29 19:40:00,recommendation-cache,cache_hit_rate,34.24,%
2409,2026-06-29 19:40:00,recommendation-cache,cache_refresh_rate,590.0,ops
2410,2026-06-29 19:40:00,recommendation-cache,cache_evictions,40.0,count
2411,2026-06-29 19:40:00,ranking-service,pod_cpu_percent,98.0,%
2412,2026-06-29 19:40:00,ranking-service,pod_memory_percent,67.7,%
2413,2026-06-29 19:40:00,business,recommendation_ctr,1.45,%
2414,2026-06-29 19:40:00,business,homepage_load_time,7822.9,ms
2415,2026-06-29 19:41:00,recommendation-api,recommendation_requests_total,39722.0,count
2416,2026-06-29 19:41:00,recommendation-api,recommendation_latency_ms,7744.04,ms
2417,2026-06-29 19:41:00,recommendation-api,recommendation_error_rate,98.5,%
2418,2026-06-29 19:41:00,recommendation-db,db_cpu_percent,100.0,%
2419,2026-06-29 19:41:00,recommendation-db,db_connection_count,150.0,count
2420,2026-06-29 19:41:00,recommendation-db,db_read_qps,12871.0,qps
2421,2026-06-29 19:41:00,recommendation-db,db_write_qps,2205.0,qps
2422,2026-06-29 19:41:00,recommendation-db,db_query_latency_ms,574.37,ms
2423,2026-06-29 19:41:00,recommendation-cache,cache_hit_rate,35.19,%
2424,2026-06-29 19:41:00,recommendation-cache,cache_refresh_rate,596.0,ops
2425,2026-06-29 19:41:00,recommendation-cache,cache_evictions,40.0,count
2426,2026-06-29 19:41:00,ranking-service,pod_cpu_percent,98.0,%
2427,2026-06-29 19:41:00,ranking-service,pod_memory_percent,67.6,%
2428,2026-06-29 19:41:00,business,recommendation_ctr,1.4,%
2429,2026-06-29 19:41:00,business,homepage_load_time,7964.04,ms
2430,2026-06-29 19:42:00,recommendation-api,recommendation_requests_total,39519.0,count
2431,2026-06-29 19:42:00,recommendation-api,recommendation_latency_ms,7936.55,ms
2432,2026-06-29 19:42:00,recommendation-api,recommendation_error_rate,98.5,%
2433,2026-06-29 19:42:00,recommendation-db,db_cpu_percent,100.0,%
2434,2026-06-29 19:42:00,recommendation-db,db_connection_count,148.0,count
2435,2026-06-29 19:42:00,recommendation-db,db_read_qps,12755.0,qps
2436,2026-06-29 19:42:00,recommendation-db,db_write_qps,2231.0,qps
2437,2026-06-29 19:42:00,recommendation-db,db_query_latency_ms,579.56,ms
2438,2026-06-29 19:42:00,recommendation-cache,cache_hit_rate,35.44,%
2439,2026-06-29 19:42:00,recommendation-cache,cache_refresh_rate,603.0,ops
2440,2026-06-29 19:42:00,recommendation-cache,cache_evictions,40.0,count
2441,2026-06-29 19:42:00,ranking-service,pod_cpu_percent,98.0,%
2442,2026-06-29 19:42:00,ranking-service,pod_memory_percent,67.9,%
2443,2026-06-29 19:42:00,business,recommendation_ctr,1.35,%
2444,2026-06-29 19:42:00,business,homepage_load_time,8156.55,ms
2445,2026-06-29 19:43:00,recommendation-api,recommendation_requests_total,39315.0,count
2446,2026-06-29 19:43:00,recommendation-api,recommendation_latency_ms,8122.83,ms
2447,2026-06-29 19:43:00,recommendation-api,recommendation_error_rate,98.5,%
2448,2026-06-29 19:43:00,recommendation-db,db_cpu_percent,100.0,%
2449,2026-06-29 19:43:00,recommendation-db,db_connection_count,148.0,count
2450,2026-06-29 19:43:00,recommendation-db,db_read_qps,12801.0,qps
2451,2026-06-29 19:43:00,recommendation-db,db_write_qps,2253.0,qps
2452,2026-06-29 19:43:00,recommendation-db,db_query_latency_ms,581.05,ms
2453,2026-06-29 19:43:00,recommendation-cache,cache_hit_rate,34.88,%
2454,2026-06-29 19:43:00,recommendation-cache,cache_refresh_rate,609.0,ops
2455,2026-06-29 19:43:00,recommendation-cache,cache_evictions,41.0,count
2456,2026-06-29 19:43:00,ranking-service,pod_cpu_percent,98.0,%
2457,2026-06-29 19:43:00,ranking-service,pod_memory_percent,68.1,%
2458,2026-06-29 19:43:00,business,recommendation_ctr,1.3,%
2459,2026-06-29 19:43:00,business,homepage_load_time,8342.83,ms
2460,2026-06-29 19:44:00,recommendation-api,recommendation_requests_total,39109.0,count
2461,2026-06-29 19:44:00,recommendation-api,recommendation_latency_ms,8415.07,ms
2462,2026-06-29 19:44:00,recommendation-api,recommendation_error_rate,98.5,%
2463,2026-06-29 19:44:00,recommendation-db,db_cpu_percent,100.0,%
2464,2026-06-29 19:44:00,recommendation-db,db_connection_count,149.0,count
2465,2026-06-29 19:44:00,recommendation-db,db_read_qps,12788.0,qps
2466,2026-06-29 19:44:00,recommendation-db,db_write_qps,2279.0,qps
2467,2026-06-29 19:44:00,recommendation-db,db_query_latency_ms,614.02,ms
2468,2026-06-29 19:44:00,recommendation-cache,cache_hit_rate,34.6,%
2469,2026-06-29 19:44:00,recommendation-cache,cache_refresh_rate,616.0,ops
2470,2026-06-29 19:44:00,recommendation-cache,cache_evictions,41.0,count
2471,2026-06-29 19:44:00,ranking-service,pod_cpu_percent,98.0,%
2472,2026-06-29 19:44:00,ranking-service,pod_memory_percent,67.9,%
2473,2026-06-29 19:44:00,business,recommendation_ctr,1.25,%
2474,2026-06-29 19:44:00,business,homepage_load_time,8635.07,ms
2475,2026-06-29 19:45:00,recommendation-api,recommendation_requests_total,38902.0,count
2476,2026-06-29 19:45:00,recommendation-api,recommendation_latency_ms,8561.62,ms
2477,2026-06-29 19:45:00,recommendation-api,recommendation_error_rate,98.5,%
2478,2026-06-29 19:45:00,recommendation-db,db_cpu_percent,100.0,%
2479,2026-06-29 19:45:00,recommendation-db,db_connection_count,148.0,count
2480,2026-06-29 19:45:00,recommendation-db,db_read_qps,12750.0,qps
2481,2026-06-29 19:45:00,recommendation-db,db_write_qps,2301.0,qps
2482,2026-06-29 19:45:00,recommendation-db,db_query_latency_ms,597.25,ms
2483,2026-06-29 19:45:00,recommendation-cache,cache_hit_rate,34.45,%
2484,2026-06-29 19:45:00,recommendation-cache,cache_refresh_rate,622.0,ops
2485,2026-06-29 19:45:00,recommendation-cache,cache_evictions,42.0,count
2486,2026-06-29 19:45:00,ranking-service,pod_cpu_percent,98.0,%
2487,2026-06-29 19:45:00,ranking-service,pod_memory_percent,68.0,%
2488,2026-06-29 19:45:00,business,recommendation_ctr,1.2,%
2489,2026-06-29 19:45:00,business,homepage_load_time,8781.62,ms
2490,2026-06-29 19:46:00,recommendation-api,recommendation_requests_total,38693.0,count
2491,2026-06-29 19:46:00,recommendation-api,recommendation_latency_ms,8839.99,ms
2492,2026-06-29 19:46:00,recommendation-api,recommendation_error_rate,98.5,%
2493,2026-06-29 19:46:00,recommendation-db,db_cpu_percent,100.0,%
2494,2026-06-29 19:46:00,recommendation-db,db_connection_count,149.0,count
2495,2026-06-29 19:46:00,recommendation-db,db_read_qps,12341.0,qps
2496,2026-06-29 19:46:00,recommendation-db,db_write_qps,2327.0,qps
2497,2026-06-29 19:46:00,recommendation-db,db_query_latency_ms,620.3,ms
2498,2026-06-29 19:46:00,recommendation-cache,cache_hit_rate,36.21,%
2499,2026-06-29 19:46:00,recommendation-cache,cache_refresh_rate,629.0,ops
2500,2026-06-29 19:46:00,recommendation-cache,cache_evictions,42.0,count
2501,2026-06-29 19:46:00,ranking-service,pod_cpu_percent,98.0,%
2502,2026-06-29 19:46:00,ranking-service,pod_memory_percent,67.5,%
2503,2026-06-29 19:46:00,business,recommendation_ctr,1.15,%
2504,2026-06-29 19:46:00,business,homepage_load_time,9059.99,ms
2505,2026-06-29 19:47:00,recommendation-api,recommendation_requests_total,38483.0,count
2506,2026-06-29 19:47:00,recommendation-api,recommendation_latency_ms,9061.49,ms
2507,2026-06-29 19:47:00,recommendation-api,recommendation_error_rate,98.5,%
2508,2026-06-29 19:47:00,recommendation-db,db_cpu_percent,100.0,%
2509,2026-06-29 19:47:00,recommendation-db,db_connection_count,150.0,count
2510,2026-06-29 19:47:00,recommendation-db,db_read_qps,12539.0,qps
2511,2026-06-29 19:47:00,recommendation-db,db_write_qps,2349.0,qps
2512,2026-06-29 19:47:00,recommendation-db,db_query_latency_ms,627.57,ms
2513,2026-06-29 19:47:00,recommendation-cache,cache_hit_rate,34.83,%
2514,2026-06-29 19:47:00,recommendation-cache,cache_refresh_rate,635.0,ops
2515,2026-06-29 19:47:00,recommendation-cache,cache_evictions,42.0,count
2516,2026-06-29 19:47:00,ranking-service,pod_cpu_percent,98.0,%
2517,2026-06-29 19:47:00,ranking-service,pod_memory_percent,67.2,%
2518,2026-06-29 19:47:00,business,recommendation_ctr,1.1,%
2519,2026-06-29 19:47:00,business,homepage_load_time,9281.49,ms
2520,2026-06-29 19:48:00,recommendation-api,recommendation_requests_total,38272.0,count
2521,2026-06-29 19:48:00,recommendation-api,recommendation_latency_ms,9133.41,ms
2522,2026-06-29 19:48:00,recommendation-api,recommendation_error_rate,98.5,%
2523,2026-06-29 19:48:00,recommendation-db,db_cpu_percent,100.0,%
2524,2026-06-29 19:48:00,recommendation-db,db_connection_count,149.0,count
2525,2026-06-29 19:48:00,recommendation-db,db_read_qps,12475.0,qps
2526,2026-06-29 19:48:00,recommendation-db,db_write_qps,2375.0,qps
2527,2026-06-29 19:48:00,recommendation-db,db_query_latency_ms,594.86,ms
2528,2026-06-29 19:48:00,recommendation-cache,cache_hit_rate,34.81,%
2529,2026-06-29 19:48:00,recommendation-cache,cache_refresh_rate,642.0,ops
2530,2026-06-29 19:48:00,recommendation-cache,cache_evictions,43.0,count
2531,2026-06-29 19:48:00,ranking-service,pod_cpu_percent,98.0,%
2532,2026-06-29 19:48:00,ranking-service,pod_memory_percent,67.4,%
2533,2026-06-29 19:48:00,business,recommendation_ctr,1.05,%
2534,2026-06-29 19:48:00,business,homepage_load_time,9353.41,ms
2535,2026-06-29 19:49:00,recommendation-api,recommendation_requests_total,38059.0,count
2536,2026-06-29 19:49:00,recommendation-api,recommendation_latency_ms,9521.58,ms
2537,2026-06-29 19:49:00,recommendation-api,recommendation_error_rate,98.5,%
2538,2026-06-29 19:49:00,recommendation-db,db_cpu_percent,100.0,%
2539,2026-06-29 19:49:00,recommendation-db,db_connection_count,149.0,count
2540,2026-06-29 19:49:00,recommendation-db,db_read_qps,12564.0,qps
2541,2026-06-29 19:49:00,recommendation-db,db_write_qps,2397.0,qps
2542,2026-06-29 19:49:00,recommendation-db,db_query_latency_ms,646.92,ms
2543,2026-06-29 19:49:00,recommendation-cache,cache_hit_rate,33.98,%
2544,2026-06-29 19:49:00,recommendation-cache,cache_refresh_rate,648.0,ops
2545,2026-06-29 19:49:00,recommendation-cache,cache_evictions,43.0,count
2546,2026-06-29 19:49:00,ranking-service,pod_cpu_percent,98.0,%
2547,2026-06-29 19:49:00,ranking-service,pod_memory_percent,67.1,%
2548,2026-06-29 19:49:00,business,recommendation_ctr,1.0,%
2549,2026-06-29 19:49:00,business,homepage_load_time,9741.58,ms
2550,2026-06-29 19:50:00,recommendation-api,recommendation_requests_total,37845.0,count
2551,2026-06-29 19:50:00,recommendation-api,recommendation_latency_ms,9749.77,ms
2552,2026-06-29 19:50:00,recommendation-api,recommendation_error_rate,98.5,%
2553,2026-06-29 19:50:00,recommendation-db,db_cpu_percent,100.0,%
2554,2026-06-29 19:50:00,recommendation-db,db_connection_count,150.0,count
2555,2026-06-29 19:50:00,recommendation-db,db_read_qps,12093.0,qps
2556,2026-06-29 19:50:00,recommendation-db,db_write_qps,2405.0,qps
2557,2026-06-29 19:50:00,recommendation-db,db_query_latency_ms,657.51,ms
2558,2026-06-29 19:50:00,recommendation-cache,cache_hit_rate,36.09,%
2559,2026-06-29 19:50:00,recommendation-cache,cache_refresh_rate,650.0,ops
2560,2026-06-29 19:50:00,recommendation-cache,cache_evictions,44.0,count
2561,2026-06-29 19:50:00,ranking-service,pod_cpu_percent,98.0,%
2562,2026-06-29 19:50:00,ranking-service,pod_memory_percent,66.8,%
2563,2026-06-29 19:50:00,business,recommendation_ctr,0.95,%
2564,2026-06-29 19:50:00,business,homepage_load_time,9969.77,ms
2565,2026-06-29 19:51:00,recommendation-api,recommendation_requests_total,37630.0,count
2566,2026-06-29 19:51:00,recommendation-api,recommendation_latency_ms,9857.75,ms
2567,2026-06-29 19:51:00,recommendation-api,recommendation_error_rate,98.5,%
2568,2026-06-29 19:51:00,recommendation-db,db_cpu_percent,100.0,%
2569,2026-06-29 19:51:00,recommendation-db,db_connection_count,149.0,count
2570,2026-06-29 19:51:00,recommendation-db,db_read_qps,12168.0,qps
2571,2026-06-29 19:51:00,recommendation-db,db_write_qps,2405.0,qps
2572,2026-06-29 19:51:00,recommendation-db,db_query_latency_ms,633.14,ms
2573,2026-06-29 19:51:00,recommendation-cache,cache_hit_rate,35.32,%
2574,2026-06-29 19:51:00,recommendation-cache,cache_refresh_rate,650.0,ops
2575,2026-06-29 19:51:00,recommendation-cache,cache_evictions,44.0,count
2576,2026-06-29 19:51:00,ranking-service,pod_cpu_percent,98.0,%
2577,2026-06-29 19:51:00,ranking-service,pod_memory_percent,66.8,%
2578,2026-06-29 19:51:00,business,recommendation_ctr,0.9,%
2579,2026-06-29 19:51:00,business,homepage_load_time,10077.75,ms
2580,2026-06-29 19:52:00,recommendation-api,recommendation_requests_total,37414.0,count
2581,2026-06-29 19:52:00,recommendation-api,recommendation_latency_ms,10234.9,ms
2582,2026-06-29 19:52:00,recommendation-api,recommendation_error_rate,98.5,%
2583,2026-06-29 19:52:00,recommendation-db,db_cpu_percent,100.0,%
2584,2026-06-29 19:52:00,recommendation-db,db_connection_count,150.0,count
2585,2026-06-29 19:52:00,recommendation-db,db_read_qps,12696.0,qps
2586,2026-06-29 19:52:00,recommendation-db,db_write_qps,2405.0,qps
2587,2026-06-29 19:52:00,recommendation-db,db_query_latency_ms,672.5,ms
2588,2026-06-29 19:52:00,recommendation-cache,cache_hit_rate,32.13,%
2589,2026-06-29 19:52:00,recommendation-cache,cache_refresh_rate,650.0,ops
2590,2026-06-29 19:52:00,recommendation-cache,cache_evictions,44.0,count
2591,2026-06-29 19:52:00,ranking-service,pod_cpu_percent,98.0,%
2592,2026-06-29 19:52:00,ranking-service,pod_memory_percent,67.1,%
2593,2026-06-29 19:52:00,business,recommendation_ctr,0.85,%
2594,2026-06-29 19:52:00,business,homepage_load_time,10454.9,ms
2595,2026-06-29 19:53:00,recommendation-api,recommendation_requests_total,37197.0,count
2596,2026-06-29 19:53:00,recommendation-api,recommendation_latency_ms,10407.33,ms
2597,2026-06-29 19:53:00,recommendation-api,recommendation_error_rate,98.5,%
2598,2026-06-29 19:53:00,recommendation-db,db_cpu_percent,100.0,%
2599,2026-06-29 19:53:00,recommendation-db,db_connection_count,148.0,count
2600,2026-06-29 19:53:00,recommendation-db,db_read_qps,12274.0,qps
2601,2026-06-29 19:53:00,recommendation-db,db_write_qps,2405.0,qps
2602,2026-06-29 19:53:00,recommendation-db,db_query_latency_ms,663.21,ms
2603,2026-06-29 19:53:00,recommendation-cache,cache_hit_rate,34.0,%
2604,2026-06-29 19:53:00,recommendation-cache,cache_refresh_rate,650.0,ops
2605,2026-06-29 19:53:00,recommendation-cache,cache_evictions,45.0,count
2606,2026-06-29 19:53:00,ranking-service,pod_cpu_percent,98.0,%
2607,2026-06-29 19:53:00,ranking-service,pod_memory_percent,66.7,%
2608,2026-06-29 19:53:00,business,recommendation_ctr,0.8,%
2609,2026-06-29 19:53:00,business,homepage_load_time,10627.33,ms
2610,2026-06-29 19:54:00,recommendation-api,recommendation_requests_total,36979.0,count
2611,2026-06-29 19:54:00,recommendation-api,recommendation_latency_ms,10615.4,ms
2612,2026-06-29 19:54:00,recommendation-api,recommendation_error_rate,98.5,%
2613,2026-06-29 19:54:00,recommendation-db,db_cpu_percent,100.0,%
2614,2026-06-29 19:54:00,recommendation-db,db_connection_count,148.0,count
2615,2026-06-29 19:54:00,recommendation-db,db_read_qps,12171.0,qps
2616,2026-06-29 19:54:00,recommendation-db,db_write_qps,2405.0,qps
2617,2026-06-29 19:54:00,recommendation-db,db_query_latency_ms,663.05,ms
2618,2026-06-29 19:54:00,recommendation-cache,cache_hit_rate,34.17,%
2619,2026-06-29 19:54:00,recommendation-cache,cache_refresh_rate,650.0,ops
2620,2026-06-29 19:54:00,recommendation-cache,cache_evictions,45.0,count
2621,2026-06-29 19:54:00,ranking-service,pod_cpu_percent,98.0,%
2622,2026-06-29 19:54:00,ranking-service,pod_memory_percent,66.7,%
2623,2026-06-29 19:54:00,business,recommendation_ctr,0.75,%
2624,2026-06-29 19:54:00,business,homepage_load_time,10835.4,ms
2625,2026-06-29 19:55:00,recommendation-api,recommendation_requests_total,36760.0,count
2626,2026-06-29 19:55:00,recommendation-api,recommendation_latency_ms,10703.2,ms
2627,2026-06-29 19:55:00,recommendation-api,recommendation_error_rate,98.5,%
2628,2026-06-29 19:55:00,recommendation-db,db_cpu_percent,100.0,%
2629,2026-06-29 19:55:00,recommendation-db,db_connection_count,149.0,count
2630,2026-06-29 19:55:00,recommendation-db,db_read_qps,11950.0,qps
2631,2026-06-29 19:55:00,recommendation-db,db_write_qps,2405.0,qps
2632,2026-06-29 19:55:00,recommendation-db,db_query_latency_ms,627.0,ms
2633,2026-06-29 19:55:00,recommendation-cache,cache_hit_rate,34.98,%
2634,2026-06-29 19:55:00,recommendation-cache,cache_refresh_rate,650.0,ops
2635,2026-06-29 19:55:00,recommendation-cache,cache_evictions,46.0,count
2636,2026-06-29 19:55:00,ranking-service,pod_cpu_percent,98.0,%
2637,2026-06-29 19:55:00,ranking-service,pod_memory_percent,66.7,%
2638,2026-06-29 19:55:00,business,recommendation_ctr,0.7,%
2639,2026-06-29 19:55:00,business,homepage_load_time,10923.2,ms
2640,2026-06-29 19:56:00,recommendation-api,recommendation_requests_total,36541.0,count
2641,2026-06-29 19:56:00,recommendation-api,recommendation_latency_ms,11038.96,ms
2642,2026-06-29 19:56:00,recommendation-api,recommendation_error_rate,98.5,%
2643,2026-06-29 19:56:00,recommendation-db,db_cpu_percent,100.0,%
2644,2026-06-29 19:56:00,recommendation-db,db_connection_count,148.0,count
2645,2026-06-29 19:56:00,recommendation-db,db_read_qps,11781.0,qps
2646,2026-06-29 19:56:00,recommendation-db,db_write_qps,2405.0,qps
2647,2026-06-29 19:56:00,recommendation-db,db_query_latency_ms,661.27,ms
2648,2026-06-29 19:56:00,recommendation-cache,cache_hit_rate,35.52,%
2649,2026-06-29 19:56:00,recommendation-cache,cache_refresh_rate,650.0,ops
2650,2026-06-29 19:56:00,recommendation-cache,cache_evictions,46.0,count
2651,2026-06-29 19:56:00,ranking-service,pod_cpu_percent,98.0,%
2652,2026-06-29 19:56:00,ranking-service,pod_memory_percent,66.3,%
2653,2026-06-29 19:56:00,business,recommendation_ctr,0.65,%
2654,2026-06-29 19:56:00,business,homepage_load_time,11258.96,ms
2655,2026-06-29 19:57:00,recommendation-api,recommendation_requests_total,36320.0,count
2656,2026-06-29 19:57:00,recommendation-api,recommendation_latency_ms,11225.31,ms
2657,2026-06-29 19:57:00,recommendation-api,recommendation_error_rate,98.5,%
2658,2026-06-29 19:57:00,recommendation-db,db_cpu_percent,100.0,%
2659,2026-06-29 19:57:00,recommendation-db,db_connection_count,150.0,count
2660,2026-06-29 19:57:00,recommendation-db,db_read_qps,11719.0,qps
2661,2026-06-29 19:57:00,recommendation-db,db_write_qps,2405.0,qps
2662,2026-06-29 19:57:00,recommendation-db,db_query_latency_ms,650.84,ms
2663,2026-06-29 19:57:00,recommendation-cache,cache_hit_rate,35.47,%
2664,2026-06-29 19:57:00,recommendation-cache,cache_refresh_rate,650.0,ops
2665,2026-06-29 19:57:00,recommendation-cache,cache_evictions,46.0,count
2666,2026-06-29 19:57:00,ranking-service,pod_cpu_percent,98.0,%
2667,2026-06-29 19:57:00,ranking-service,pod_memory_percent,66.6,%
2668,2026-06-29 19:57:00,business,recommendation_ctr,0.6,%
2669,2026-06-29 19:57:00,business,homepage_load_time,11445.31,ms
2670,2026-06-29 19:58:00,recommendation-api,recommendation_requests_total,36099.0,count
2671,2026-06-29 19:58:00,recommendation-api,recommendation_latency_ms,11548.14,ms
2672,2026-06-29 19:58:00,recommendation-api,recommendation_error_rate,98.5,%
2673,2026-06-29 19:58:00,recommendation-db,db_cpu_percent,100.0,%
2674,2026-06-29 19:58:00,recommendation-db,db_connection_count,148.0,count
2675,2026-06-29 19:58:00,recommendation-db,db_read_qps,11524.0,qps
2676,2026-06-29 19:58:00,recommendation-db,db_write_qps,2405.0,qps
2677,2026-06-29 19:58:00,recommendation-db,db_query_latency_ms,681.86,ms
2678,2026-06-29 19:58:00,recommendation-cache,cache_hit_rate,36.15,%
2679,2026-06-29 19:58:00,recommendation-cache,cache_refresh_rate,650.0,ops
2680,2026-06-29 19:58:00,recommendation-cache,cache_evictions,47.0,count
2681,2026-06-29 19:58:00,ranking-service,pod_cpu_percent,98.0,%
2682,2026-06-29 19:58:00,ranking-service,pod_memory_percent,66.4,%
2683,2026-06-29 19:58:00,business,recommendation_ctr,0.55,%
2684,2026-06-29 19:58:00,business,homepage_load_time,11768.14,ms
2685,2026-06-29 19:59:00,recommendation-api,recommendation_requests_total,35877.0,count
2686,2026-06-29 19:59:00,recommendation-api,recommendation_latency_ms,11699.76,ms
2687,2026-06-29 19:59:00,recommendation-api,recommendation_error_rate,98.5,%
2688,2026-06-29 19:59:00,recommendation-db,db_cpu_percent,100.0,%
2689,2026-06-29 19:59:00,recommendation-db,db_connection_count,150.0,count
2690,2026-06-29 19:59:00,recommendation-db,db_read_qps,11808.0,qps
2691,2026-06-29 19:59:00,recommendation-db,db_write_qps,2405.0,qps
2692,2026-06-29 19:59:00,recommendation-db,db_query_latency_ms,670.73,ms
2693,2026-06-29 19:59:00,recommendation-cache,cache_hit_rate,34.17,%
2694,2026-06-29 19:59:00,recommendation-cache,cache_refresh_rate,650.0,ops
2695,2026-06-29 19:59:00,recommendation-cache,cache_evictions,47.0,count
2696,2026-06-29 19:59:00,ranking-service,pod_cpu_percent,98.0,%
2697,2026-06-29 19:59:00,ranking-service,pod_memory_percent,65.9,%
2698,2026-06-29 19:59:00,business,recommendation_ctr,0.5,%
2699,2026-06-29 19:59:00,business,homepage_load_time,11919.76,ms
2700,2026-06-29 20:00:00,recommendation-api,recommendation_requests_total,35655.0,count
2701,2026-06-29 20:00:00,recommendation-api,recommendation_latency_ms,12140.62,ms
2702,2026-06-29 20:00:00,recommendation-api,recommendation_error_rate,98.5,%
2703,2026-06-29 20:00:00,recommendation-db,db_cpu_percent,100.0,%
2704,2026-06-29 20:00:00,recommendation-db,db_connection_count,148.0,count
2705,2026-06-29 20:00:00,recommendation-db,db_read_qps,11767.0,qps
2706,2026-06-29 20:00:00,recommendation-db,db_write_qps,2405.0,qps
2707,2026-06-29 20:00:00,recommendation-db,db_query_latency_ms,723.57,ms
2708,2026-06-29 20:00:00,recommendation-cache,cache_hit_rate,33.99,%
2709,2026-06-29 20:00:00,recommendation-cache,cache_refresh_rate,650.0,ops
2710,2026-06-29 20:00:00,recommendation-cache,cache_evictions,48.0,count
2711,2026-06-29 20:00:00,ranking-service,pod_cpu_percent,98.0,%
2712,2026-06-29 20:00:00,ranking-service,pod_memory_percent,66.5,%
2713,2026-06-29 20:00:00,business,recommendation_ctr,0.5,%
2714,2026-06-29 20:00:00,business,homepage_load_time,12360.62,ms
2715,2026-06-29 20:01:00,recommendation-api,recommendation_requests_total,35432.0,count
2716,2026-06-29 20:01:00,recommendation-api,recommendation_latency_ms,12247.12,ms
2717,2026-06-29 20:01:00,recommendation-api,recommendation_error_rate,98.5,%
2718,2026-06-29 20:01:00,recommendation-db,db_cpu_percent,100.0,%
2719,2026-06-29 20:01:00,recommendation-db,db_connection_count,149.0,count
2720,2026-06-29 20:01:00,recommendation-db,db_read_qps,11629.0,qps
2721,2026-06-29 20:01:00,recommendation-db,db_write_qps,2405.0,qps
2722,2026-06-29 20:01:00,recommendation-db,db_query_latency_ms,691.38,ms
2723,2026-06-29 20:01:00,recommendation-cache,cache_hit_rate,34.35,%
2724,2026-06-29 20:01:00,recommendation-cache,cache_refresh_rate,650.0,ops
2725,2026-06-29 20:01:00,recommendation-cache,cache_evictions,48.0,count
2726,2026-06-29 20:01:00,ranking-service,pod_cpu_percent,98.0,%
2727,2026-06-29 20:01:00,ranking-service,pod_memory_percent,66.2,%
2728,2026-06-29 20:01:00,business,recommendation_ctr,0.5,%
2729,2026-06-29 20:01:00,business,homepage_load_time,12467.12,ms
2730,2026-06-29 20:02:00,recommendation-api,recommendation_requests_total,35208.0,count
2731,2026-06-29 20:02:00,recommendation-api,recommendation_latency_ms,12460.84,ms
2732,2026-06-29 20:02:00,recommendation-api,recommendation_error_rate,98.5,%
2733,2026-06-29 20:02:00,recommendation-db,db_cpu_percent,100.0,%
2734,2026-06-29 20:02:00,recommendation-db,db_connection_count,148.0,count
2735,2026-06-29 20:02:00,recommendation-db,db_read_qps,11487.0,qps
2736,2026-06-29 20:02:00,recommendation-db,db_write_qps,2405.0,qps
2737,2026-06-29 20:02:00,recommendation-db,db_query_latency_ms,681.1,ms
2738,2026-06-29 20:02:00,recommendation-cache,cache_hit_rate,34.75,%
2739,2026-06-29 20:02:00,recommendation-cache,cache_refresh_rate,650.0,ops
2740,2026-06-29 20:02:00,recommendation-cache,cache_evictions,48.0,count
2741,2026-06-29 20:02:00,ranking-service,pod_cpu_percent,98.0,%
2742,2026-06-29 20:02:00,ranking-service,pod_memory_percent,66.7,%
2743,2026-06-29 20:02:00,business,recommendation_ctr,0.5,%
2744,2026-06-29 20:02:00,business,homepage_load_time,12680.84,ms
2745,2026-06-29 20:03:00,recommendation-api,recommendation_requests_total,34984.0,count
2746,2026-06-29 20:03:00,recommendation-api,recommendation_latency_ms,12777.71,ms
2747,2026-06-29 20:03:00,recommendation-api,recommendation_error_rate,98.5,%
2748,2026-06-29 20:03:00,recommendation-db,db_cpu_percent,100.0,%
2749,2026-06-29 20:03:00,recommendation-db,db_connection_count,148.0,count
2750,2026-06-29 20:03:00,recommendation-db,db_read_qps,11317.0,qps
2751,2026-06-29 20:03:00,recommendation-db,db_write_qps,2405.0,qps
2752,2026-06-29 20:03:00,recommendation-db,db_query_latency_ms,704.08,ms
2753,2026-06-29 20:03:00,recommendation-cache,cache_hit_rate,35.3,%
2754,2026-06-29 20:03:00,recommendation-cache,cache_refresh_rate,650.0,ops
2755,2026-06-29 20:03:00,recommendation-cache,cache_evictions,49.0,count
2756,2026-06-29 20:03:00,ranking-service,pod_cpu_percent,98.0,%
2757,2026-06-29 20:03:00,ranking-service,pod_memory_percent,66.2,%
2758,2026-06-29 20:03:00,business,recommendation_ctr,0.5,%
2759,2026-06-29 20:03:00,business,homepage_load_time,12997.71,ms
2760,2026-06-29 20:04:00,recommendation-api,recommendation_requests_total,34760.0,count
2761,2026-06-29 20:04:00,recommendation-api,recommendation_latency_ms,13097.83,ms
2762,2026-06-29 20:04:00,recommendation-api,recommendation_error_rate,98.5,%
2763,2026-06-29 20:04:00,recommendation-db,db_cpu_percent,100.0,%
2764,2026-06-29 20:04:00,recommendation-db,db_connection_count,148.0,count
2765,2026-06-29 20:04:00,recommendation-db,db_read_qps,11413.0,qps
2766,2026-06-29 20:04:00,recommendation-db,db_write_qps,2405.0,qps
2767,2026-06-29 20:04:00,recommendation-db,db_query_latency_ms,732.63,ms
2768,2026-06-29 20:04:00,recommendation-cache,cache_hit_rate,34.33,%
2769,2026-06-29 20:04:00,recommendation-cache,cache_refresh_rate,650.0,ops
2770,2026-06-29 20:04:00,recommendation-cache,cache_evictions,49.0,count
2771,2026-06-29 20:04:00,ranking-service,pod_cpu_percent,98.0,%
2772,2026-06-29 20:04:00,ranking-service,pod_memory_percent,66.1,%
2773,2026-06-29 20:04:00,business,recommendation_ctr,0.5,%
2774,2026-06-29 20:04:00,business,homepage_load_time,13317.83,ms
2775,2026-06-29 20:05:00,recommendation-api,recommendation_requests_total,34536.0,count
2776,2026-06-29 20:05:00,recommendation-api,recommendation_latency_ms,13281.55,ms
2777,2026-06-29 20:05:00,recommendation-api,recommendation_error_rate,98.5,%
2778,2026-06-29 20:05:00,recommendation-db,db_cpu_percent,100.0,%
2779,2026-06-29 20:05:00,recommendation-db,db_connection_count,150.0,count
2780,2026-06-29 20:05:00,recommendation-db,db_read_qps,11140.0,qps
2781,2026-06-29 20:05:00,recommendation-db,db_write_qps,2405.0,qps
2782,2026-06-29 20:05:00,recommendation-db,db_query_latency_ms,712.73,ms
2783,2026-06-29 20:05:00,recommendation-cache,cache_hit_rate,35.48,%
2784,2026-06-29 20:05:00,recommendation-cache,cache_refresh_rate,650.0,ops
2785,2026-06-29 20:05:00,recommendation-cache,cache_evictions,50.0,count
2786,2026-06-29 20:05:00,ranking-service,pod_cpu_percent,98.0,%
2787,2026-06-29 20:05:00,ranking-service,pod_memory_percent,65.6,%
2788,2026-06-29 20:05:00,business,recommendation_ctr,0.5,%
2789,2026-06-29 20:05:00,business,homepage_load_time,13501.55,ms
2790,2026-06-29 20:06:00,recommendation-api,recommendation_requests_total,34311.0,count
2791,2026-06-29 20:06:00,recommendation-api,recommendation_latency_ms,13511.11,ms
2792,2026-06-29 20:06:00,recommendation-api,recommendation_error_rate,98.5,%
2793,2026-06-29 20:06:00,recommendation-db,db_cpu_percent,100.0,%
2794,2026-06-29 20:06:00,recommendation-db,db_connection_count,150.0,count
2795,2026-06-29 20:06:00,recommendation-db,db_read_qps,11078.0,qps
2796,2026-06-29 20:06:00,recommendation-db,db_write_qps,2405.0,qps
2797,2026-06-29 20:06:00,recommendation-db,db_query_latency_ms,712.35,ms
2798,2026-06-29 20:06:00,recommendation-cache,cache_hit_rate,35.42,%
2799,2026-06-29 20:06:00,recommendation-cache,cache_refresh_rate,650.0,ops
2800,2026-06-29 20:06:00,recommendation-cache,cache_evictions,50.0,count
2801,2026-06-29 20:06:00,ranking-service,pod_cpu_percent,98.0,%
2802,2026-06-29 20:06:00,ranking-service,pod_memory_percent,65.8,%
2803,2026-06-29 20:06:00,business,recommendation_ctr,0.5,%
2804,2026-06-29 20:06:00,business,homepage_load_time,13731.11,ms
2805,2026-06-29 20:07:00,recommendation-api,recommendation_requests_total,34086.0,count
2806,2026-06-29 20:07:00,recommendation-api,recommendation_latency_ms,13831.26,ms
2807,2026-06-29 20:07:00,recommendation-api,recommendation_error_rate,98.5,%
2808,2026-06-29 20:07:00,recommendation-db,db_cpu_percent,100.0,%
2809,2026-06-29 20:07:00,recommendation-db,db_connection_count,149.0,count
2810,2026-06-29 20:07:00,recommendation-db,db_read_qps,11259.0,qps
2811,2026-06-29 20:07:00,recommendation-db,db_write_qps,2405.0,qps
2812,2026-06-29 20:07:00,recommendation-db,db_query_latency_ms,731.54,ms
2813,2026-06-29 20:07:00,recommendation-cache,cache_hit_rate,33.94,%
2814,2026-06-29 20:07:00,recommendation-cache,cache_refresh_rate,650.0,ops
2815,2026-06-29 20:07:00,recommendation-cache,cache_evictions,50.0,count
2816,2026-06-29 20:07:00,ranking-service,pod_cpu_percent,98.0,%
2817,2026-06-29 20:07:00,ranking-service,pod_memory_percent,65.8,%
2818,2026-06-29 20:07:00,business,recommendation_ctr,0.5,%
2819,2026-06-29 20:07:00,business,homepage_load_time,14051.26,ms
2820,2026-06-29 20:08:00,recommendation-api,recommendation_requests_total,33861.0,count
2821,2026-06-29 20:08:00,recommendation-api,recommendation_latency_ms,14082.82,ms
2822,2026-06-29 20:08:00,recommendation-api,recommendation_error_rate,98.5,%
2823,2026-06-29 20:08:00,recommendation-db,db_cpu_percent,100.0,%
2824,2026-06-29 20:08:00,recommendation-db,db_connection_count,150.0,count
2825,2026-06-29 20:08:00,recommendation-db,db_read_qps,10949.0,qps
2826,2026-06-29 20:08:00,recommendation-db,db_write_qps,2405.0,qps
2827,2026-06-29 20:08:00,recommendation-db,db_query_latency_ms,735.05,ms
2828,2026-06-29 20:08:00,recommendation-cache,cache_hit_rate,35.33,%
2829,2026-06-29 20:08:00,recommendation-cache,cache_refresh_rate,650.0,ops
2830,2026-06-29 20:08:00,recommendation-cache,cache_evictions,51.0,count
2831,2026-06-29 20:08:00,ranking-service,pod_cpu_percent,98.0,%
2832,2026-06-29 20:08:00,ranking-service,pod_memory_percent,65.8,%
2833,2026-06-29 20:08:00,business,recommendation_ctr,0.5,%
2834,2026-06-29 20:08:00,business,homepage_load_time,14302.82,ms
2835,2026-06-29 20:09:00,recommendation-api,recommendation_requests_total,33636.0,count
2836,2026-06-29 20:09:00,recommendation-api,recommendation_latency_ms,14435.11,ms
2837,2026-06-29 20:09:00,recommendation-api,recommendation_error_rate,98.5,%
2838,2026-06-29 20:09:00,recommendation-db,db_cpu_percent,100.0,%
2839,2026-06-29 20:09:00,recommendation-db,db_connection_count,148.0,count
2840,2026-06-29 20:09:00,recommendation-db,db_read_qps,11100.0,qps
2841,2026-06-29 20:09:00,recommendation-db,db_write_qps,2405.0,qps
2842,2026-06-29 20:09:00,recommendation-db,db_query_latency_ms,766.11,ms
2843,2026-06-29 20:09:00,recommendation-cache,cache_hit_rate,33.99,%
2844,2026-06-29 20:09:00,recommendation-cache,cache_refresh_rate,650.0,ops
2845,2026-06-29 20:09:00,recommendation-cache,cache_evictions,51.0,count
2846,2026-06-29 20:09:00,ranking-service,pod_cpu_percent,98.0,%
2847,2026-06-29 20:09:00,ranking-service,pod_memory_percent,65.7,%
2848,2026-06-29 20:09:00,business,recommendation_ctr,0.5,%
2849,2026-06-29 20:09:00,business,homepage_load_time,14655.11,ms
2850,2026-06-29 20:10:00,recommendation-api,recommendation_requests_total,33411.0,count
2851,2026-06-29 20:10:00,recommendation-api,recommendation_latency_ms,14620.63,ms
2852,2026-06-29 20:10:00,recommendation-api,recommendation_error_rate,98.5,%
2853,2026-06-29 20:10:00,recommendation-db,db_cpu_percent,100.0,%
2854,2026-06-29 20:10:00,recommendation-db,db_connection_count,148.0,count
2855,2026-06-29 20:10:00,recommendation-db,db_read_qps,10862.0,qps
2856,2026-06-29 20:10:00,recommendation-db,db_write_qps,2405.0,qps
2857,2026-06-29 20:10:00,recommendation-db,db_query_latency_ms,744.81,ms
2858,2026-06-29 20:10:00,recommendation-cache,cache_hit_rate,34.98,%
2859,2026-06-29 20:10:00,recommendation-cache,cache_refresh_rate,650.0,ops
2860,2026-06-29 20:10:00,recommendation-cache,cache_evictions,52.0,count
2861,2026-06-29 20:10:00,ranking-service,pod_cpu_percent,98.0,%
2862,2026-06-29 20:10:00,ranking-service,pod_memory_percent,65.3,%
2863,2026-06-29 20:10:00,business,recommendation_ctr,0.5,%
2864,2026-06-29 20:10:00,business,homepage_load_time,14840.63,ms
2865,2026-06-29 20:11:00,recommendation-api,recommendation_requests_total,33186.0,count
2866,2026-06-29 20:11:00,recommendation-api,recommendation_latency_ms,14994.31,ms
2867,2026-06-29 20:11:00,recommendation-api,recommendation_error_rate,98.5,%
2868,2026-06-29 20:11:00,recommendation-db,db_cpu_percent,100.0,%
2869,2026-06-29 20:11:00,recommendation-db,db_connection_count,150.0,count
2870,2026-06-29 20:11:00,recommendation-db,db_read_qps,10850.0,qps
2871,2026-06-29 20:11:00,recommendation-db,db_write_qps,2405.0,qps
2872,2026-06-29 20:11:00,recommendation-db,db_query_latency_ms,782.64,ms
2873,2026-06-29 20:11:00,recommendation-cache,cache_hit_rate,34.61,%
2874,2026-06-29 20:11:00,recommendation-cache,cache_refresh_rate,650.0,ops
2875,2026-06-29 20:11:00,recommendation-cache,cache_evictions,52.0,count
2876,2026-06-29 20:11:00,ranking-service,pod_cpu_percent,98.0,%
2877,2026-06-29 20:11:00,ranking-service,pod_memory_percent,65.5,%
2878,2026-06-29 20:11:00,business,recommendation_ctr,0.5,%
2879,2026-06-29 20:11:00,business,homepage_load_time,15214.31,ms
2880,2026-06-29 20:12:00,recommendation-api,recommendation_requests_total,32961.0,count
2881,2026-06-29 20:12:00,recommendation-api,recommendation_latency_ms,15178.82,ms
2882,2026-06-29 20:12:00,recommendation-api,recommendation_error_rate,98.5,%
2883,2026-06-29 20:12:00,recommendation-db,db_cpu_percent,100.0,%
2884,2026-06-29 20:12:00,recommendation-db,db_connection_count,148.0,count
2885,2026-06-29 20:12:00,recommendation-db,db_read_qps,10783.0,qps
2886,2026-06-29 20:12:00,recommendation-db,db_write_qps,2405.0,qps
2887,2026-06-29 20:12:00,recommendation-db,db_query_latency_ms,764.1,ms
2888,2026-06-29 20:12:00,recommendation-cache,cache_hit_rate,34.57,%
2889,2026-06-29 20:12:00,recommendation-cache,cache_refresh_rate,650.0,ops
2890,2026-06-29 20:12:00,recommendation-cache,cache_evictions,52.0,count
2891,2026-06-29 20:12:00,ranking-service,pod_cpu_percent,98.0,%
2892,2026-06-29 20:12:00,ranking-service,pod_memory_percent,65.4,%
2893,2026-06-29 20:12:00,business,recommendation_ctr,0.5,%
2894,2026-06-29 20:12:00,business,homepage_load_time,15398.82,ms
2895,2026-06-29 20:13:00,recommendation-api,recommendation_requests_total,32737.0,count
2896,2026-06-29 20:13:00,recommendation-api,recommendation_latency_ms,15480.21,ms
2897,2026-06-29 20:13:00,recommendation-api,recommendation_error_rate,98.5,%
2898,2026-06-29 20:13:00,recommendation-db,db_cpu_percent,100.0,%
2899,2026-06-29 20:13:00,recommendation-db,db_connection_count,149.0,count
2900,2026-06-29 20:13:00,recommendation-db,db_read_qps,10715.0,qps
2901,2026-06-29 20:13:00,recommendation-db,db_write_qps,2405.0,qps
2902,2026-06-29 20:13:00,recommendation-db,db_query_latency_ms,774.77,ms
2903,2026-06-29 20:13:00,recommendation-cache,cache_hit_rate,34.54,%
2904,2026-06-29 20:13:00,recommendation-cache,cache_refresh_rate,650.0,ops
2905,2026-06-29 20:13:00,recommendation-cache,cache_evictions,53.0,count
2906,2026-06-29 20:13:00,ranking-service,pod_cpu_percent,98.0,%
2907,2026-06-29 20:13:00,ranking-service,pod_memory_percent,65.3,%
2908,2026-06-29 20:13:00,business,recommendation_ctr,0.5,%
2909,2026-06-29 20:13:00,business,homepage_load_time,15700.21,ms
2910,2026-06-29 20:14:00,recommendation-api,recommendation_requests_total,32513.0,count
2911,2026-06-29 20:14:00,recommendation-api,recommendation_latency_ms,15840.91,ms
2912,2026-06-29 20:14:00,recommendation-api,recommendation_error_rate,98.5,%
2913,2026-06-29 20:14:00,recommendation-db,db_cpu_percent,100.0,%
2914,2026-06-29 20:14:00,recommendation-db,db_connection_count,149.0,count
2915,2026-06-29 20:14:00,recommendation-db,db_read_qps,10785.0,qps
2916,2026-06-29 20:14:00,recommendation-db,db_write_qps,2405.0,qps
2917,2026-06-29 20:14:00,recommendation-db,db_query_latency_ms,805.67,ms
2918,2026-06-29 20:14:00,recommendation-cache,cache_hit_rate,33.65,%
2919,2026-06-29 20:14:00,recommendation-cache,cache_refresh_rate,650.0,ops
2920,2026-06-29 20:14:00,recommendation-cache,cache_evictions,53.0,count
2921,2026-06-29 20:14:00,ranking-service,pod_cpu_percent,98.0,%
2922,2026-06-29 20:14:00,ranking-service,pod_memory_percent,65.0,%
2923,2026-06-29 20:14:00,business,recommendation_ctr,0.5,%
2924,2026-06-29 20:14:00,business,homepage_load_time,16060.91,ms
2925,2026-06-29 20:15:00,recommendation-api,recommendation_requests_total,32289.0,count
2926,2026-06-29 20:15:00,recommendation-api,recommendation_latency_ms,16077.12,ms
2927,2026-06-29 20:15:00,recommendation-api,recommendation_error_rate,98.5,%
2928,2026-06-29 20:15:00,recommendation-db,db_cpu_percent,100.0,%
2929,2026-06-29 20:15:00,recommendation-db,db_connection_count,150.0,count
2930,2026-06-29 20:15:00,recommendation-db,db_read_qps,10437.0,qps
2931,2026-06-29 20:15:00,recommendation-db,db_write_qps,2405.0,qps
2932,2026-06-29 20:15:00,recommendation-db,db_query_latency_ms,792.19,ms
2933,2026-06-29 20:15:00,recommendation-cache,cache_hit_rate,35.35,%
2934,2026-06-29 20:15:00,recommendation-cache,cache_refresh_rate,650.0,ops
2935,2026-06-29 20:15:00,recommendation-cache,cache_evictions,54.0,count
2936,2026-06-29 20:15:00,ranking-service,pod_cpu_percent,98.0,%
2937,2026-06-29 20:15:00,ranking-service,pod_memory_percent,65.1,%
2938,2026-06-29 20:15:00,business,recommendation_ctr,0.5,%
2939,2026-06-29 20:15:00,business,homepage_load_time,16297.12,ms
2940,2026-06-29 20:16:00,recommendation-api,recommendation_requests_total,32065.0,count
2941,2026-06-29 20:16:00,recommendation-api,recommendation_latency_ms,16278.57,ms
2942,2026-06-29 20:16:00,recommendation-api,recommendation_error_rate,98.5,%
2943,2026-06-29 20:16:00,recommendation-db,db_cpu_percent,100.0,%
2944,2026-06-29 20:16:00,recommendation-db,db_connection_count,150.0,count
2945,2026-06-29 20:16:00,recommendation-db,db_read_qps,10116.0,qps
2946,2026-06-29 20:16:00,recommendation-db,db_write_qps,2405.0,qps
2947,2026-06-29 20:16:00,recommendation-db,db_query_latency_ms,774.14,ms
2948,2026-06-29 20:16:00,recommendation-cache,cache_hit_rate,36.9,%
2949,2026-06-29 20:16:00,recommendation-cache,cache_refresh_rate,650.0,ops
2950,2026-06-29 20:16:00,recommendation-cache,cache_evictions,54.0,count
2951,2026-06-29 20:16:00,ranking-service,pod_cpu_percent,98.0,%
2952,2026-06-29 20:16:00,ranking-service,pod_memory_percent,65.0,%
2953,2026-06-29 20:16:00,business,recommendation_ctr,0.5,%
2954,2026-06-29 20:16:00,business,homepage_load_time,16498.57,ms
2955,2026-06-29 20:17:00,recommendation-api,recommendation_requests_total,31842.0,count
2956,2026-06-29 20:17:00,recommendation-api,recommendation_latency_ms,16626.34,ms
2957,2026-06-29 20:17:00,recommendation-api,recommendation_error_rate,98.5,%
2958,2026-06-29 20:17:00,recommendation-db,db_cpu_percent,100.0,%
2959,2026-06-29 20:17:00,recommendation-db,db_connection_count,149.0,count
2960,2026-06-29 20:17:00,recommendation-db,db_read_qps,10433.0,qps
2961,2026-06-29 20:17:00,recommendation-db,db_write_qps,2405.0,qps
2962,2026-06-29 20:17:00,recommendation-db,db_query_latency_ms,799.85,ms
2963,2026-06-29 20:17:00,recommendation-cache,cache_hit_rate,34.46,%
2964,2026-06-29 20:17:00,recommendation-cache,cache_refresh_rate,650.0,ops
2965,2026-06-29 20:17:00,recommendation-cache,cache_evictions,54.0,count
2966,2026-06-29 20:17:00,ranking-service,pod_cpu_percent,98.0,%
2967,2026-06-29 20:17:00,ranking-service,pod_memory_percent,64.8,%
2968,2026-06-29 20:17:00,business,recommendation_ctr,0.5,%
2969,2026-06-29 20:17:00,business,homepage_load_time,16846.34,ms
2970,2026-06-29 20:18:00,recommendation-api,recommendation_requests_total,31620.0,count
2971,2026-06-29 20:18:00,recommendation-api,recommendation_latency_ms,16920.67,ms
2972,2026-06-29 20:18:00,recommendation-api,recommendation_error_rate,98.5,%
2973,2026-06-29 20:18:00,recommendation-db,db_cpu_percent,100.0,%
2974,2026-06-29 20:18:00,recommendation-db,db_connection_count,149.0,count
2975,2026-06-29 20:18:00,recommendation-db,db_read_qps,10317.0,qps
2976,2026-06-29 20:18:00,recommendation-db,db_write_qps,2405.0,qps
2977,2026-06-29 20:18:00,recommendation-db,db_query_latency_ms,810.21,ms
2978,2026-06-29 20:18:00,recommendation-cache,cache_hit_rate,34.74,%
2979,2026-06-29 20:18:00,recommendation-cache,cache_refresh_rate,650.0,ops
2980,2026-06-29 20:18:00,recommendation-cache,cache_evictions,55.0,count
2981,2026-06-29 20:18:00,ranking-service,pod_cpu_percent,98.0,%
2982,2026-06-29 20:18:00,ranking-service,pod_memory_percent,64.8,%
2983,2026-06-29 20:18:00,business,recommendation_ctr,0.5,%
2984,2026-06-29 20:18:00,business,homepage_load_time,17140.67,ms
2985,2026-06-29 20:19:00,recommendation-api,recommendation_requests_total,31398.0,count
2986,2026-06-29 20:19:00,recommendation-api,recommendation_latency_ms,17175.57,ms
2987,2026-06-29 20:19:00,recommendation-api,recommendation_error_rate,98.5,%
2988,2026-06-29 20:19:00,recommendation-db,db_cpu_percent,100.0,%
2989,2026-06-29 20:19:00,recommendation-db,db_connection_count,150.0,count
2990,2026-06-29 20:19:00,recommendation-db,db_read_qps,10146.0,qps
2991,2026-06-29 20:19:00,recommendation-db,db_write_qps,2405.0,qps
2992,2026-06-29 20:19:00,recommendation-db,db_query_latency_ms,803.76,ms
2993,2026-06-29 20:19:00,recommendation-cache,cache_hit_rate,35.37,%
2994,2026-06-29 20:19:00,recommendation-cache,cache_refresh_rate,650.0,ops
2995,2026-06-29 20:19:00,recommendation-cache,cache_evictions,55.0,count
2996,2026-06-29 20:19:00,ranking-service,pod_cpu_percent,98.0,%
2997,2026-06-29 20:19:00,ranking-service,pod_memory_percent,64.7,%
2998,2026-06-29 20:19:00,business,recommendation_ctr,0.5,%
2999,2026-06-29 20:19:00,business,homepage_load_time,17395.57,ms
3000,2026-06-29 20:20:00,recommendation-api,recommendation_requests_total,31177.0,count
3001,2026-06-29 20:20:00,recommendation-api,recommendation_latency_ms,17439.68,ms
3002,2026-06-29 20:20:00,recommendation-api,recommendation_error_rate,98.5,%
3003,2026-06-29 20:20:00,recommendation-db,db_cpu_percent,100.0,%
3004,2026-06-29 20:20:00,recommendation-db,db_connection_count,150.0,count
3005,2026-06-29 20:20:00,recommendation-db,db_read_qps,10384.0,qps
3006,2026-06-29 20:20:00,recommendation-db,db_write_qps,2405.0,qps
3007,2026-06-29 20:20:00,recommendation-db,db_query_latency_ms,797.23,ms
3008,2026-06-29 20:20:00,recommendation-cache,cache_hit_rate,33.38,%
3009,2026-06-29 20:20:00,recommendation-cache,cache_refresh_rate,650.0,ops
3010,2026-06-29 20:20:00,recommendation-cache,cache_evictions,56.0,count
3011,2026-06-29 20:20:00,ranking-service,pod_cpu_percent,98.0,%
3012,2026-06-29 20:20:00,ranking-service,pod_memory_percent,64.4,%
3013,2026-06-29 20:20:00,business,recommendation_ctr,0.5,%
3014,2026-06-29 20:20:00,business,homepage_load_time,17659.68,ms
3015,2026-06-29 20:21:00,recommendation-api,recommendation_requests_total,30956.0,count
3016,2026-06-29 20:21:00,recommendation-api,recommendation_latency_ms,17737.73,ms
3017,2026-06-29 20:21:00,recommendation-api,recommendation_error_rate,98.5,%
3018,2026-06-29 20:21:00,recommendation-db,db_cpu_percent,100.0,%
3019,2026-06-29 20:21:00,recommendation-db,db_connection_count,150.0,count
3020,2026-06-29 20:21:00,recommendation-db,db_read_qps,10049.0,qps
3021,2026-06-29 20:21:00,recommendation-db,db_write_qps,2405.0,qps
3022,2026-06-29 20:21:00,recommendation-db,db_query_latency_ms,805.49,ms
3023,2026-06-29 20:21:00,recommendation-cache,cache_hit_rate,35.07,%
3024,2026-06-29 20:21:00,recommendation-cache,cache_refresh_rate,650.0,ops
3025,2026-06-29 20:21:00,recommendation-cache,cache_evictions,56.0,count
3026,2026-06-29 20:21:00,ranking-service,pod_cpu_percent,98.0,%
3027,2026-06-29 20:21:00,ranking-service,pod_memory_percent,64.4,%
3028,2026-06-29 20:21:00,business,recommendation_ctr,0.5,%
3029,2026-06-29 20:21:00,business,homepage_load_time,17957.73,ms
3030,2026-06-29 20:22:00,recommendation-api,recommendation_requests_total,30737.0,count
3031,2026-06-29 20:22:00,recommendation-api,recommendation_latency_ms,18113.23,ms
3032,2026-06-29 20:22:00,recommendation-api,recommendation_error_rate,98.5,%
3033,2026-06-29 20:22:00,recommendation-db,db_cpu_percent,100.0,%
3034,2026-06-29 20:22:00,recommendation-db,db_connection_count,148.0,count
3035,2026-06-29 20:22:00,recommendation-db,db_read_qps,9835.0,qps
3036,2026-06-29 20:22:00,recommendation-db,db_write_qps,2405.0,qps
3037,2026-06-29 20:22:00,recommendation-db,db_query_latency_ms,835.73,ms
3038,2026-06-29 20:22:00,recommendation-cache,cache_hit_rate,36.0,%
3039,2026-06-29 20:22:00,recommendation-cache,cache_refresh_rate,650.0,ops
3040,2026-06-29 20:22:00,recommendation-cache,cache_evictions,56.0,count
3041,2026-06-29 20:22:00,ranking-service,pod_cpu_percent,98.0,%
3042,2026-06-29 20:22:00,ranking-service,pod_memory_percent,64.6,%
3043,2026-06-29 20:22:00,business,recommendation_ctr,0.5,%
3044,2026-06-29 20:22:00,business,homepage_load_time,18333.23,ms
3045,2026-06-29 20:23:00,recommendation-api,recommendation_requests_total,30518.0,count
3046,2026-06-29 20:23:00,recommendation-api,recommendation_latency_ms,18484.47,ms
3047,2026-06-29 20:23:00,recommendation-api,recommendation_error_rate,98.5,%
3048,2026-06-29 20:23:00,recommendation-db,db_cpu_percent,100.0,%
3049,2026-06-29 20:23:00,recommendation-db,db_connection_count,150.0,count
3050,2026-06-29 20:23:00,recommendation-db,db_read_qps,9939.0,qps
3051,2026-06-29 20:23:00,recommendation-db,db_write_qps,2405.0,qps
3052,2026-06-29 20:23:00,recommendation-db,db_query_latency_ms,855.92,ms
3053,2026-06-29 20:23:00,recommendation-cache,cache_hit_rate,34.86,%
3054,2026-06-29 20:23:00,recommendation-cache,cache_refresh_rate,650.0,ops
3055,2026-06-29 20:23:00,recommendation-cache,cache_evictions,57.0,count
3056,2026-06-29 20:23:00,ranking-service,pod_cpu_percent,98.0,%
3057,2026-06-29 20:23:00,ranking-service,pod_memory_percent,64.2,%
3058,2026-06-29 20:23:00,business,recommendation_ctr,0.5,%
3059,2026-06-29 20:23:00,business,homepage_load_time,18704.47,ms
3060,2026-06-29 20:24:00,recommendation-api,recommendation_requests_total,30300.0,count
3061,2026-06-29 20:24:00,recommendation-api,recommendation_latency_ms,18668.94,ms
3062,2026-06-29 20:24:00,recommendation-api,recommendation_error_rate,98.5,%
3063,2026-06-29 20:24:00,recommendation-db,db_cpu_percent,100.0,%
3064,2026-06-29 20:24:00,recommendation-db,db_connection_count,150.0,count
3065,2026-06-29 20:24:00,recommendation-db,db_read_qps,10090.0,qps
3066,2026-06-29 20:24:00,recommendation-db,db_write_qps,2405.0,qps
3067,2026-06-29 20:24:00,recommendation-db,db_query_latency_ms,825.27,ms
3068,2026-06-29 20:24:00,recommendation-cache,cache_hit_rate,33.4,%
3069,2026-06-29 20:24:00,recommendation-cache,cache_refresh_rate,650.0,ops
3070,2026-06-29 20:24:00,recommendation-cache,cache_evictions,57.0,count
3071,2026-06-29 20:24:00,ranking-service,pod_cpu_percent,98.0,%
3072,2026-06-29 20:24:00,ranking-service,pod_memory_percent,64.2,%
3073,2026-06-29 20:24:00,business,recommendation_ctr,0.5,%
3074,2026-06-29 20:24:00,business,homepage_load_time,18888.94,ms
3075,2026-06-29 20:25:00,recommendation-api,recommendation_requests_total,30083.0,count
3076,2026-06-29 20:25:00,recommendation-api,recommendation_latency_ms,18967.93,ms
3077,2026-06-29 20:25:00,recommendation-api,recommendation_error_rate,98.5,%
3078,2026-06-29 20:25:00,recommendation-db,db_cpu_percent,100.0,%
3079,2026-06-29 20:25:00,recommendation-db,db_connection_count,148.0,count
3080,2026-06-29 20:25:00,recommendation-db,db_read_qps,9770.0,qps
3081,2026-06-29 20:25:00,recommendation-db,db_write_qps,2405.0,qps
3082,2026-06-29 20:25:00,recommendation-db,db_query_latency_ms,834.77,ms
3083,2026-06-29 20:25:00,recommendation-cache,cache_hit_rate,35.04,%
3084,2026-06-29 20:25:00,recommendation-cache,cache_refresh_rate,650.0,ops
3085,2026-06-29 20:25:00,recommendation-cache,cache_evictions,58.0,count
3086,2026-06-29 20:25:00,ranking-service,pod_cpu_percent,98.0,%
3087,2026-06-29 20:25:00,ranking-service,pod_memory_percent,63.9,%
3088,2026-06-29 20:25:00,business,recommendation_ctr,0.5,%
3089,2026-06-29 20:25:00,business,homepage_load_time,19187.93,ms
3090,2026-06-29 20:26:00,recommendation-api,recommendation_requests_total,29867.0,count
3091,2026-06-29 20:26:00,recommendation-api,recommendation_latency_ms,19257.76,ms
3092,2026-06-29 20:26:00,recommendation-api,recommendation_error_rate,98.5,%
3093,2026-06-29 20:26:00,recommendation-db,db_cpu_percent,100.0,%
3094,2026-06-29 20:26:00,recommendation-db,db_connection_count,149.0,count
3095,2026-06-29 20:26:00,recommendation-db,db_read_qps,9712.0,qps
3096,2026-06-29 20:26:00,recommendation-db,db_write_qps,2405.0,qps
3097,2026-06-29 20:26:00,recommendation-db,db_query_latency_ms,839.93,ms
3098,2026-06-29 20:26:00,recommendation-cache,cache_hit_rate,34.96,%
3099,2026-06-29 20:26:00,recommendation-cache,cache_refresh_rate,650.0,ops
3100,2026-06-29 20:26:00,recommendation-cache,cache_evictions,58.0,count
3101,2026-06-29 20:26:00,ranking-service,pod_cpu_percent,98.0,%
3102,2026-06-29 20:26:00,ranking-service,pod_memory_percent,64.1,%
3103,2026-06-29 20:26:00,business,recommendation_ctr,0.5,%
3104,2026-06-29 20:26:00,business,homepage_load_time,19477.76,ms
3105,2026-06-29 20:27:00,recommendation-api,recommendation_requests_total,29652.0,count
3106,2026-06-29 20:27:00,recommendation-api,recommendation_latency_ms,19596.24,ms
3107,2026-06-29 20:27:00,recommendation-api,recommendation_error_rate,98.5,%
3108,2026-06-29 20:27:00,recommendation-db,db_cpu_percent,100.0,%
3109,2026-06-29 20:27:00,recommendation-db,db_connection_count,150.0,count
3110,2026-06-29 20:27:00,recommendation-db,db_read_qps,9624.0,qps
3111,2026-06-29 20:27:00,recommendation-db,db_write_qps,2405.0,qps
3112,2026-06-29 20:27:00,recommendation-db,db_query_latency_ms,851.89,ms
3113,2026-06-29 20:27:00,recommendation-cache,cache_hit_rate,35.08,%
3114,2026-06-29 20:27:00,recommendation-cache,cache_refresh_rate,650.0,ops
3115,2026-06-29 20:27:00,recommendation-cache,cache_evictions,58.0,count
3116,2026-06-29 20:27:00,ranking-service,pod_cpu_percent,98.0,%
3117,2026-06-29 20:27:00,ranking-service,pod_memory_percent,63.5,%
3118,2026-06-29 20:27:00,business,recommendation_ctr,0.5,%
3119,2026-06-29 20:27:00,business,homepage_load_time,19816.24,ms
3120,2026-06-29 20:28:00,recommendation-api,recommendation_requests_total,29438.0,count
3121,2026-06-29 20:28:00,recommendation-api,recommendation_latency_ms,19971.52,ms
3122,2026-06-29 20:28:00,recommendation-api,recommendation_error_rate,98.5,%
3123,2026-06-29 20:28:00,recommendation-db,db_cpu_percent,100.0,%
3124,2026-06-29 20:28:00,recommendation-db,db_connection_count,148.0,count
3125,2026-06-29 20:28:00,recommendation-db,db_read_qps,9550.0,qps
3126,2026-06-29 20:28:00,recommendation-db,db_write_qps,2405.0,qps
3127,2026-06-29 20:28:00,recommendation-db,db_query_latency_ms,872.83,ms
3128,2026-06-29 20:28:00,recommendation-cache,cache_hit_rate,35.12,%
3129,2026-06-29 20:28:00,recommendation-cache,cache_refresh_rate,650.0,ops
3130,2026-06-29 20:28:00,recommendation-cache,cache_evictions,59.0,count
3131,2026-06-29 20:28:00,ranking-service,pod_cpu_percent,98.0,%
3132,2026-06-29 20:28:00,ranking-service,pod_memory_percent,63.6,%
3133,2026-06-29 20:28:00,business,recommendation_ctr,0.5,%
3134,2026-06-29 20:28:00,business,homepage_load_time,20191.52,ms
3135,2026-06-29 20:29:00,recommendation-api,recommendation_requests_total,29225.0,count
3136,2026-06-29 20:29:00,recommendation-api,recommendation_latency_ms,20349.82,ms
3137,2026-06-29 20:29:00,recommendation-api,recommendation_error_rate,98.5,%
3138,2026-06-29 20:29:00,recommendation-db,db_cpu_percent,100.0,%
3139,2026-06-29 20:29:00,recommendation-db,db_connection_count,150.0,count
3140,2026-06-29 20:29:00,recommendation-db,db_read_qps,9340.0,qps
3141,2026-06-29 20:29:00,recommendation-db,db_write_qps,2405.0,qps
3142,2026-06-29 20:29:00,recommendation-db,db_query_latency_ms,897.51,ms
3143,2026-06-29 20:29:00,recommendation-cache,cache_hit_rate,36.08,%
3144,2026-06-29 20:29:00,recommendation-cache,cache_refresh_rate,650.0,ops
3145,2026-06-29 20:29:00,recommendation-cache,cache_evictions,59.0,count
3146,2026-06-29 20:29:00,ranking-service,pod_cpu_percent,98.0,%
3147,2026-06-29 20:29:00,ranking-service,pod_memory_percent,63.3,%
3148,2026-06-29 20:29:00,business,recommendation_ctr,0.5,%
3149,2026-06-29 20:29:00,business,homepage_load_time,20569.82,ms
3150,2026-06-29 20:30:00,recommendation-api,recommendation_requests_total,29014.0,count
3151,2026-06-29 20:30:00,recommendation-api,recommendation_latency_ms,20580.28,ms
3152,2026-06-29 20:30:00,recommendation-api,recommendation_error_rate,98.5,%
3153,2026-06-29 20:30:00,recommendation-db,db_cpu_percent,100.0,%
3154,2026-06-29 20:30:00,recommendation-db,db_connection_count,150.0,count
3155,2026-06-29 20:30:00,recommendation-db,db_read_qps,9659.0,qps
3156,2026-06-29 20:30:00,recommendation-db,db_write_qps,2405.0,qps
3157,2026-06-29 20:30:00,recommendation-db,db_query_latency_ms,882.87,ms
3158,2026-06-29 20:30:00,recommendation-cache,cache_hit_rate,33.42,%
3159,2026-06-29 20:30:00,recommendation-cache,cache_refresh_rate,650.0,ops
3160,2026-06-29 20:30:00,recommendation-cache,cache_evictions,60.0,count
3161,2026-06-29 20:30:00,ranking-service,pod_cpu_percent,98.0,%
3162,2026-06-29 20:30:00,ranking-service,pod_memory_percent,63.6,%
3163,2026-06-29 20:30:00,business,recommendation_ctr,0.5,%
3164,2026-06-29 20:30:00,business,homepage_load_time,20800.28,ms
3165,2026-06-29 20:31:00,recommendation-api,recommendation_requests_total,28804.0,count
3166,2026-06-29 20:31:00,recommendation-api,recommendation_latency_ms,20867.46,ms
3167,2026-06-29 20:31:00,recommendation-api,recommendation_error_rate,98.5,%
3168,2026-06-29 20:31:00,recommendation-db,db_cpu_percent,100.0,%
3169,2026-06-29 20:31:00,recommendation-db,db_connection_count,148.0,count
3170,2026-06-29 20:31:00,recommendation-db,db_read_qps,9129.0,qps
3171,2026-06-29 20:31:00,recommendation-db,db_write_qps,2405.0,qps
3172,2026-06-29 20:31:00,recommendation-db,db_query_latency_ms,877.47,ms
3173,2026-06-29 20:31:00,recommendation-cache,cache_hit_rate,36.61,%
3174,2026-06-29 20:31:00,recommendation-cache,cache_refresh_rate,650.0,ops
3175,2026-06-29 20:31:00,recommendation-cache,cache_evictions,60.0,count
3176,2026-06-29 20:31:00,ranking-service,pod_cpu_percent,98.0,%
3177,2026-06-29 20:31:00,ranking-service,pod_memory_percent,63.5,%
3178,2026-06-29 20:31:00,business,recommendation_ctr,0.5,%
3179,2026-06-29 20:31:00,business,homepage_load_time,21087.46,ms
3180,2026-06-29 20:32:00,recommendation-api,recommendation_requests_total,28595.0,count
3181,2026-06-29 20:32:00,recommendation-api,recommendation_latency_ms,21215.64,ms
3182,2026-06-29 20:32:00,recommendation-api,recommendation_error_rate,98.5,%
3183,2026-06-29 20:32:00,recommendation-db,db_cpu_percent,100.0,%
3184,2026-06-29 20:32:00,recommendation-db,db_connection_count,149.0,count
3185,2026-06-29 20:32:00,recommendation-db,db_read_qps,9434.0,qps
3186,2026-06-29 20:32:00,recommendation-db,db_write_qps,2405.0,qps
3187,2026-06-29 20:32:00,recommendation-db,db_query_latency_ms,888.92,ms
3188,2026-06-29 20:32:00,recommendation-cache,cache_hit_rate,34.01,%
3189,2026-06-29 20:32:00,recommendation-cache,cache_refresh_rate,650.0,ops
3190,2026-06-29 20:32:00,recommendation-cache,cache_evictions,60.0,count
3191,2026-06-29 20:32:00,ranking-service,pod_cpu_percent,98.0,%
3192,2026-06-29 20:32:00,ranking-service,pod_memory_percent,63.5,%
3193,2026-06-29 20:32:00,business,recommendation_ctr,0.5,%
3194,2026-06-29 20:32:00,business,homepage_load_time,21435.64,ms
3195,2026-06-29 20:33:00,recommendation-api,recommendation_requests_total,28388.0,count
3196,2026-06-29 20:33:00,recommendation-api,recommendation_latency_ms,21534.55,ms
3197,2026-06-29 20:33:00,recommendation-api,recommendation_error_rate,98.5,%
3198,2026-06-29 20:33:00,recommendation-db,db_cpu_percent,100.0,%
3199,2026-06-29 20:33:00,recommendation-db,db_connection_count,148.0,count
3200,2026-06-29 20:33:00,recommendation-db,db_read_qps,9380.0,qps
3201,2026-06-29 20:33:00,recommendation-db,db_write_qps,2405.0,qps
3202,2026-06-29 20:33:00,recommendation-db,db_query_latency_ms,892.57,ms
3203,2026-06-29 20:33:00,recommendation-cache,cache_hit_rate,33.91,%
3204,2026-06-29 20:33:00,recommendation-cache,cache_refresh_rate,650.0,ops
3205,2026-06-29 20:33:00,recommendation-cache,cache_evictions,61.0,count
3206,2026-06-29 20:33:00,ranking-service,pod_cpu_percent,98.0,%
3207,2026-06-29 20:33:00,ranking-service,pod_memory_percent,63.5,%
3208,2026-06-29 20:33:00,business,recommendation_ctr,0.5,%
3209,2026-06-29 20:33:00,business,homepage_load_time,21754.55,ms
3210,2026-06-29 20:34:00,recommendation-api,recommendation_requests_total,28182.0,count
3211,2026-06-29 20:34:00,recommendation-api,recommendation_latency_ms,21875.06,ms
3212,2026-06-29 20:34:00,recommendation-api,recommendation_error_rate,98.5,%
3213,2026-06-29 20:34:00,recommendation-db,db_cpu_percent,100.0,%
3214,2026-06-29 20:34:00,recommendation-db,db_connection_count,150.0,count
3215,2026-06-29 20:34:00,recommendation-db,db_read_qps,9118.0,qps
3216,2026-06-29 20:34:00,recommendation-db,db_write_qps,2405.0,qps
3217,2026-06-29 20:34:00,recommendation-db,db_query_latency_ms,905.76,ms
3218,2026-06-29 20:34:00,recommendation-cache,cache_hit_rate,35.29,%
3219,2026-06-29 20:34:00,recommendation-cache,cache_refresh_rate,650.0,ops
3220,2026-06-29 20:34:00,recommendation-cache,cache_evictions,61.0,count
3221,2026-06-29 20:34:00,ranking-service,pod_cpu_percent,98.0,%
3222,2026-06-29 20:34:00,ranking-service,pod_memory_percent,63.2,%
3223,2026-06-29 20:34:00,business,recommendation_ctr,0.5,%
3224,2026-06-29 20:34:00,business,homepage_load_time,22095.06,ms
3225,2026-06-29 20:35:00,recommendation-api,recommendation_requests_total,27978.0,count
3226,2026-06-29 20:35:00,recommendation-api,recommendation_latency_ms,22169.9,ms
3227,2026-06-29 20:35:00,recommendation-api,recommendation_error_rate,98.5,%
3228,2026-06-29 20:35:00,recommendation-db,db_cpu_percent,100.0,%
3229,2026-06-29 20:35:00,recommendation-db,db_connection_count,149.0,count
3230,2026-06-29 20:35:00,recommendation-db,db_read_qps,9110.0,qps
3231,2026-06-29 20:35:00,recommendation-db,db_write_qps,2405.0,qps
3232,2026-06-29 20:35:00,recommendation-db,db_query_latency_ms,898.4,ms
3233,2026-06-29 20:35:00,recommendation-cache,cache_hit_rate,34.87,%
3234,2026-06-29 20:35:00,recommendation-cache,cache_refresh_rate,650.0,ops
3235,2026-06-29 20:35:00,recommendation-cache,cache_evictions,62.0,count
3236,2026-06-29 20:35:00,ranking-service,pod_cpu_percent,98.0,%
3237,2026-06-29 20:35:00,ranking-service,pod_memory_percent,63.4,%
3238,2026-06-29 20:35:00,business,recommendation_ctr,0.5,%
3239,2026-06-29 20:35:00,business,homepage_load_time,22389.9,ms
3240,2026-06-29 20:36:00,recommendation-api,recommendation_requests_total,27775.0,count
3241,2026-06-29 20:36:00,recommendation-api,recommendation_latency_ms,22546.3,ms
3242,2026-06-29 20:36:00,recommendation-api,recommendation_error_rate,98.5,%
3243,2026-06-29 20:36:00,recommendation-db,db_cpu_percent,100.0,%
3244,2026-06-29 20:36:00,recommendation-db,db_connection_count,148.0,count
3245,2026-06-29 20:36:00,recommendation-db,db_read_qps,9147.0,qps
3246,2026-06-29 20:36:00,recommendation-db,db_write_qps,2405.0,qps
3247,2026-06-29 20:36:00,recommendation-db,db_query_latency_ms,919.35,ms
3248,2026-06-29 20:36:00,recommendation-cache,cache_hit_rate,34.13,%
3249,2026-06-29 20:36:00,recommendation-cache,cache_refresh_rate,650.0,ops
3250,2026-06-29 20:36:00,recommendation-cache,cache_evictions,62.0,count
3251,2026-06-29 20:36:00,ranking-service,pod_cpu_percent,98.0,%
3252,2026-06-29 20:36:00,ranking-service,pod_memory_percent,63.3,%
3253,2026-06-29 20:36:00,business,recommendation_ctr,0.5,%
3254,2026-06-29 20:36:00,business,homepage_load_time,22766.3,ms
3255,2026-06-29 20:37:00,recommendation-api,recommendation_requests_total,27575.0,count
3256,2026-06-29 20:37:00,recommendation-api,recommendation_latency_ms,22935.77,ms
3257,2026-06-29 20:37:00,recommendation-api,recommendation_error_rate,98.5,%
3258,2026-06-29 20:37:00,recommendation-db,db_cpu_percent,100.0,%
3259,2026-06-29 20:37:00,recommendation-db,db_connection_count,148.0,count
3260,2026-06-29 20:37:00,recommendation-db,db_read_qps,8823.0,qps
3261,2026-06-29 20:37:00,recommendation-db,db_write_qps,2405.0,qps
3262,2026-06-29 20:37:00,recommendation-db,db_query_latency_ms,940.15,ms
3263,2026-06-29 20:37:00,recommendation-cache,cache_hit_rate,36.0,%
3264,2026-06-29 20:37:00,recommendation-cache,cache_refresh_rate,650.0,ops
3265,2026-06-29 20:37:00,recommendation-cache,cache_evictions,62.0,count
3266,2026-06-29 20:37:00,ranking-service,pod_cpu_percent,98.0,%
3267,2026-06-29 20:37:00,ranking-service,pod_memory_percent,63.0,%
3268,2026-06-29 20:37:00,business,recommendation_ctr,0.5,%
3269,2026-06-29 20:37:00,business,homepage_load_time,23155.77,ms
3270,2026-06-29 20:38:00,recommendation-api,recommendation_requests_total,27375.0,count
3271,2026-06-29 20:38:00,recommendation-api,recommendation_latency_ms,23123.52,ms
3272,2026-06-29 20:38:00,recommendation-api,recommendation_error_rate,98.5,%
3273,2026-06-29 20:38:00,recommendation-db,db_cpu_percent,100.0,%
3274,2026-06-29 20:38:00,recommendation-db,db_connection_count,149.0,count
3275,2026-06-29 20:38:00,recommendation-db,db_read_qps,8785.0,qps
3276,2026-06-29 20:38:00,recommendation-db,db_write_qps,2405.0,qps
3277,2026-06-29 20:38:00,recommendation-db,db_query_latency_ms,899.36,ms
3278,2026-06-29 20:38:00,recommendation-cache,cache_hit_rate,35.81,%
3279,2026-06-29 20:38:00,recommendation-cache,cache_refresh_rate,650.0,ops
3280,2026-06-29 20:38:00,recommendation-cache,cache_evictions,63.0,count
3281,2026-06-29 20:38:00,ranking-service,pod_cpu_percent,98.0,%
3282,2026-06-29 20:38:00,ranking-service,pod_memory_percent,63.2,%
3283,2026-06-29 20:38:00,business,recommendation_ctr,0.5,%
3284,2026-06-29 20:38:00,business,homepage_load_time,23343.52,ms
3285,2026-06-29 20:39:00,recommendation-api,recommendation_requests_total,27178.0,count
3286,2026-06-29 20:39:00,recommendation-api,recommendation_latency_ms,23481.46,ms
3287,2026-06-29 20:39:00,recommendation-api,recommendation_error_rate,98.5,%
3288,2026-06-29 20:39:00,recommendation-db,db_cpu_percent,100.0,%
3289,2026-06-29 20:39:00,recommendation-db,db_connection_count,150.0,count
3290,2026-06-29 20:39:00,recommendation-db,db_read_qps,8981.0,qps
3291,2026-06-29 20:39:00,recommendation-db,db_write_qps,2405.0,qps
3292,2026-06-29 20:39:00,recommendation-db,db_query_latency_ms,915.34,ms
3293,2026-06-29 20:39:00,recommendation-cache,cache_hit_rate,33.91,%
3294,2026-06-29 20:39:00,recommendation-cache,cache_refresh_rate,650.0,ops
3295,2026-06-29 20:39:00,recommendation-cache,cache_evictions,63.0,count
3296,2026-06-29 20:39:00,ranking-service,pod_cpu_percent,98.0,%
3297,2026-06-29 20:39:00,ranking-service,pod_memory_percent,63.1,%
3298,2026-06-29 20:39:00,business,recommendation_ctr,0.5,%
3299,2026-06-29 20:39:00,business,homepage_load_time,23701.46,ms
3300,2026-06-29 20:40:00,recommendation-api,recommendation_requests_total,26982.0,count
3301,2026-06-29 20:40:00,recommendation-api,recommendation_latency_ms,23855.49,ms
3302,2026-06-29 20:40:00,recommendation-api,recommendation_error_rate,98.5,%
3303,2026-06-29 20:40:00,recommendation-db,db_cpu_percent,100.0,%
3304,2026-06-29 20:40:00,recommendation-db,db_connection_count,148.0,count
3305,2026-06-29 20:40:00,recommendation-db,db_read_qps,8580.0,qps
3306,2026-06-29 20:40:00,recommendation-db,db_write_qps,2405.0,qps
3307,2026-06-29 20:40:00,recommendation-db,db_query_latency_ms,935.14,ms
3308,2026-06-29 20:40:00,recommendation-cache,cache_hit_rate,36.4,%
3309,2026-06-29 20:40:00,recommendation-cache,cache_refresh_rate,650.0,ops
3310,2026-06-29 20:40:00,recommendation-cache,cache_evictions,64.0,count
3311,2026-06-29 20:40:00,ranking-service,pod_cpu_percent,98.0,%
3312,2026-06-29 20:40:00,ranking-service,pod_memory_percent,63.1,%
3313,2026-06-29 20:40:00,business,recommendation_ctr,0.5,%
3314,2026-06-29 20:40:00,business,homepage_load_time,24075.49,ms
3315,2026-06-29 20:41:00,recommendation-api,recommendation_requests_total,26789.0,count
3316,2026-06-29 20:41:00,recommendation-api,recommendation_latency_ms,24228.64,ms
3317,2026-06-29 20:41:00,recommendation-api,recommendation_error_rate,98.5,%
3318,2026-06-29 20:41:00,recommendation-db,db_cpu_percent,100.0,%
3319,2026-06-29 20:41:00,recommendation-db,db_connection_count,148.0,count
3320,2026-06-29 20:41:00,recommendation-db,db_read_qps,8871.0,qps
3321,2026-06-29 20:41:00,recommendation-db,db_write_qps,2405.0,qps
3322,2026-06-29 20:41:00,recommendation-db,db_query_latency_ms,944.24,ms
3323,2026-06-29 20:41:00,recommendation-cache,cache_hit_rate,33.77,%
3324,2026-06-29 20:41:00,recommendation-cache,cache_refresh_rate,650.0,ops
3325,2026-06-29 20:41:00,recommendation-cache,cache_evictions,64.0,count
3326,2026-06-29 20:41:00,ranking-service,pod_cpu_percent,98.0,%
3327,2026-06-29 20:41:00,ranking-service,pod_memory_percent,62.6,%
3328,2026-06-29 20:41:00,business,recommendation_ctr,0.5,%
3329,2026-06-29 20:41:00,business,homepage_load_time,24448.64,ms
3330,2026-06-29 20:42:00,recommendation-api,recommendation_requests_total,26597.0,count
3331,2026-06-29 20:42:00,recommendation-api,recommendation_latency_ms,24569.37,ms
3332,2026-06-29 20:42:00,recommendation-api,recommendation_error_rate,98.5,%
3333,2026-06-29 20:42:00,recommendation-db,db_cpu_percent,100.0,%
3334,2026-06-29 20:42:00,recommendation-db,db_connection_count,148.0,count
3335,2026-06-29 20:42:00,recommendation-db,db_read_qps,8645.0,qps
3336,2026-06-29 20:42:00,recommendation-db,db_write_qps,2405.0,qps
3337,2026-06-29 20:42:00,recommendation-db,db_query_latency_ms,951.1,ms
3338,2026-06-29 20:42:00,recommendation-cache,cache_hit_rate,34.99,%
3339,2026-06-29 20:42:00,recommendation-cache,cache_refresh_rate,650.0,ops
3340,2026-06-29 20:42:00,recommendation-cache,cache_evictions,64.0,count
3341,2026-06-29 20:42:00,ranking-service,pod_cpu_percent,98.0,%
3342,2026-06-29 20:42:00,ranking-service,pod_memory_percent,62.6,%
3343,2026-06-29 20:42:00,business,recommendation_ctr,0.5,%
3344,2026-06-29 20:42:00,business,homepage_load_time,24789.37,ms
3345,2026-06-29 20:43:00,recommendation-api,recommendation_requests_total,26407.0,count
3346,2026-06-29 20:43:00,recommendation-api,recommendation_latency_ms,24948.32,ms
3347,2026-06-29 20:43:00,recommendation-api,recommendation_error_rate,98.5,%
3348,2026-06-29 20:43:00,recommendation-db,db_cpu_percent,100.0,%
3349,2026-06-29 20:43:00,recommendation-db,db_connection_count,150.0,count
3350,2026-06-29 20:43:00,recommendation-db,db_read_qps,8616.0,qps
3351,2026-06-29 20:43:00,recommendation-db,db_write_qps,2405.0,qps
3352,2026-06-29 20:43:00,recommendation-db,db_query_latency_ms,965.79,ms
3353,2026-06-29 20:43:00,recommendation-cache,cache_hit_rate,34.74,%
3354,2026-06-29 20:43:00,recommendation-cache,cache_refresh_rate,650.0,ops
3355,2026-06-29 20:43:00,recommendation-cache,cache_evictions,65.0,count
3356,2026-06-29 20:43:00,ranking-service,pod_cpu_percent,98.0,%
3357,2026-06-29 20:43:00,ranking-service,pod_memory_percent,62.8,%
3358,2026-06-29 20:43:00,business,recommendation_ctr,0.5,%
3359,2026-06-29 20:43:00,business,homepage_load_time,25168.32,ms
3360,2026-06-29 20:44:00,recommendation-api,recommendation_requests_total,26219.0,count
3361,2026-06-29 20:44:00,recommendation-api,recommendation_latency_ms,25280.31,ms
3362,2026-06-29 20:44:00,recommendation-api,recommendation_error_rate,98.5,%
3363,2026-06-29 20:44:00,recommendation-db,db_cpu_percent,100.0,%
3364,2026-06-29 20:44:00,recommendation-db,db_connection_count,148.0,count
3365,2026-06-29 20:44:00,recommendation-db,db_read_qps,8472.0,qps
3366,2026-06-29 20:44:00,recommendation-db,db_write_qps,2405.0,qps
3367,2026-06-29 20:44:00,recommendation-db,db_query_latency_ms,970.48,ms
3368,2026-06-29 20:44:00,recommendation-cache,cache_hit_rate,35.37,%
3369,2026-06-29 20:44:00,recommendation-cache,cache_refresh_rate,650.0,ops
3370,2026-06-29 20:44:00,recommendation-cache,cache_evictions,65.0,count
3371,2026-06-29 20:44:00,ranking-service,pod_cpu_percent,98.0,%
3372,2026-06-29 20:44:00,ranking-service,pod_memory_percent,62.5,%
3373,2026-06-29 20:44:00,business,recommendation_ctr,0.5,%
3374,2026-06-29 20:44:00,business,homepage_load_time,25500.31,ms
3375,2026-06-29 20:45:00,recommendation-api,recommendation_requests_total,26033.0,count
3376,2026-06-29 20:45:00,recommendation-api,recommendation_latency_ms,25663.95,ms
3377,2026-06-29 20:45:00,recommendation-api,recommendation_error_rate,98.5,%
3378,2026-06-29 20:45:00,recommendation-db,db_cpu_percent,100.0,%
3379,2026-06-29 20:45:00,recommendation-db,db_connection_count,149.0,count
3380,2026-06-29 20:45:00,recommendation-db,db_read_qps,8235.0,qps
3381,2026-06-29 20:45:00,recommendation-db,db_write_qps,2405.0,qps
3382,2026-06-29 20:45:00,recommendation-db,db_query_latency_ms,979.73,ms
3383,2026-06-29 20:45:00,recommendation-cache,cache_hit_rate,36.73,%
3384,2026-06-29 20:45:00,recommendation-cache,cache_refresh_rate,650.0,ops
3385,2026-06-29 20:45:00,recommendation-cache,cache_evictions,66.0,count
3386,2026-06-29 20:45:00,ranking-service,pod_cpu_percent,98.0,%
3387,2026-06-29 20:45:00,ranking-service,pod_memory_percent,62.3,%
3388,2026-06-29 20:45:00,business,recommendation_ctr,0.5,%
3389,2026-06-29 20:45:00,business,homepage_load_time,25883.95,ms
3390,2026-06-29 20:46:00,recommendation-api,recommendation_requests_total,25850.0,count
3391,2026-06-29 20:46:00,recommendation-api,recommendation_latency_ms,25936.04,ms
3392,2026-06-29 20:46:00,recommendation-api,recommendation_error_rate,98.5,%
3393,2026-06-29 20:46:00,recommendation-db,db_cpu_percent,100.0,%
3394,2026-06-29 20:46:00,recommendation-db,db_connection_count,149.0,count
3395,2026-06-29 20:46:00,recommendation-db,db_read_qps,8481.0,qps
3396,2026-06-29 20:46:00,recommendation-db,db_write_qps,2405.0,qps
3397,2026-06-29 20:46:00,recommendation-db,db_query_latency_ms,969.49,ms
3398,2026-06-29 20:46:00,recommendation-cache,cache_hit_rate,34.38,%
3399,2026-06-29 20:46:00,recommendation-cache,cache_refresh_rate,650.0,ops
3400,2026-06-29 20:46:00,recommendation-cache,cache_evictions,66.0,count
3401,2026-06-29 20:46:00,ranking-service,pod_cpu_percent,98.0,%
3402,2026-06-29 20:46:00,ranking-service,pod_memory_percent,62.4,%
3403,2026-06-29 20:46:00,business,recommendation_ctr,0.5,%
3404,2026-06-29 20:46:00,business,homepage_load_time,26156.04,ms
3405,2026-06-29 20:47:00,recommendation-api,recommendation_requests_total,25669.0,count
3406,2026-06-29 20:47:00,recommendation-api,recommendation_latency_ms,26202.33,ms
3407,2026-06-29 20:47:00,recommendation-api,recommendation_error_rate,98.5,%
3408,2026-06-29 20:47:00,recommendation-db,db_cpu_percent,100.0,%
3409,2026-06-29 20:47:00,recommendation-db,db_connection_count,148.0,count
3410,2026-06-29 20:47:00,recommendation-db,db_read_qps,8076.0,qps
3411,2026-06-29 20:47:00,recommendation-db,db_write_qps,2405.0,qps
3412,2026-06-29 20:47:00,recommendation-db,db_query_latency_ms,945.03,ms
3413,2026-06-29 20:47:00,recommendation-cache,cache_hit_rate,37.07,%
3414,2026-06-29 20:47:00,recommendation-cache,cache_refresh_rate,650.0,ops
3415,2026-06-29 20:47:00,recommendation-cache,cache_evictions,66.0,count
3416,2026-06-29 20:47:00,ranking-service,pod_cpu_percent,98.0,%
3417,2026-06-29 20:47:00,ranking-service,pod_memory_percent,62.0,%
3418,2026-06-29 20:47:00,business,recommendation_ctr,0.5,%
3419,2026-06-29 20:47:00,business,homepage_load_time,26422.33,ms
3420,2026-06-29 20:48:00,recommendation-api,recommendation_requests_total,25489.0,count
3421,2026-06-29 20:48:00,recommendation-api,recommendation_latency_ms,26718.56,ms
3422,2026-06-29 20:48:00,recommendation-api,recommendation_error_rate,98.5,%
3423,2026-06-29 20:48:00,recommendation-db,db_cpu_percent,100.0,%
3424,2026-06-29 20:48:00,recommendation-db,db_connection_count,148.0,count
3425,2026-06-29 20:48:00,recommendation-db,db_read_qps,8220.0,qps
3426,2026-06-29 20:48:00,recommendation-db,db_write_qps,2405.0,qps
3427,2026-06-29 20:48:00,recommendation-db,db_query_latency_ms,987.82,ms
3428,2026-06-29 20:48:00,recommendation-cache,cache_hit_rate,35.5,%
3429,2026-06-29 20:48:00,recommendation-cache,cache_refresh_rate,650.0,ops
3430,2026-06-29 20:48:00,recommendation-cache,cache_evictions,67.0,count
3431,2026-06-29 20:48:00,ranking-service,pod_cpu_percent,98.0,%
3432,2026-06-29 20:48:00,ranking-service,pod_memory_percent,62.3,%
3433,2026-06-29 20:48:00,business,recommendation_ctr,0.5,%
3434,2026-06-29 20:48:00,business,homepage_load_time,26938.56,ms
3435,2026-06-29 20:49:00,recommendation-api,recommendation_requests_total,25313.0,count
3436,2026-06-29 20:49:00,recommendation-api,recommendation_latency_ms,27071.82,ms
3437,2026-06-29 20:49:00,recommendation-api,recommendation_error_rate,98.5,%
3438,2026-06-29 20:49:00,recommendation-db,db_cpu_percent,100.0,%
3439,2026-06-29 20:49:00,recommendation-db,db_connection_count,149.0,count
3440,2026-06-29 20:49:00,recommendation-db,db_read_qps,8089.0,qps
3441,2026-06-29 20:49:00,recommendation-db,db_write_qps,2405.0,qps
3442,2026-06-29 20:49:00,recommendation-db,db_query_latency_ms,1000.46,ms
3443,2026-06-29 20:49:00,recommendation-cache,cache_hit_rate,36.09,%
3444,2026-06-29 20:49:00,recommendation-cache,cache_refresh_rate,650.0,ops
3445,2026-06-29 20:49:00,recommendation-cache,cache_evictions,67.0,count
3446,2026-06-29 20:49:00,ranking-service,pod_cpu_percent,98.0,%
3447,2026-06-29 20:49:00,ranking-service,pod_memory_percent,62.2,%
3448,2026-06-29 20:49:00,business,recommendation_ctr,0.5,%
3449,2026-06-29 20:49:00,business,homepage_load_time,27291.82,ms
3450,2026-06-29 20:50:00,recommendation-api,recommendation_requests_total,25138.0,count
3451,2026-06-29 20:50:00,recommendation-api,recommendation_latency_ms,27433.4,ms
3452,2026-06-29 20:50:00,recommendation-api,recommendation_error_rate,98.5,%
3453,2026-06-29 20:50:00,recommendation-db,db_cpu_percent,100.0,%
3454,2026-06-29 20:50:00,recommendation-db,db_connection_count,149.0,count
3455,2026-06-29 20:50:00,recommendation-db,db_read_qps,8216.0,qps
3456,2026-06-29 20:50:00,recommendation-db,db_write_qps,2405.0,qps
3457,2026-06-29 20:50:00,recommendation-db,db_query_latency_ms,1001.85,ms
3458,2026-06-29 20:50:00,recommendation-cache,cache_hit_rate,34.63,%
3459,2026-06-29 20:50:00,recommendation-cache,cache_refresh_rate,650.0,ops
3460,2026-06-29 20:50:00,recommendation-cache,cache_evictions,68.0,count
3461,2026-06-29 20:50:00,ranking-service,pod_cpu_percent,98.0,%
3462,2026-06-29 20:50:00,ranking-service,pod_memory_percent,62.3,%
3463,2026-06-29 20:50:00,business,recommendation_ctr,0.5,%
3464,2026-06-29 20:50:00,business,homepage_load_time,27653.4,ms
3465,2026-06-29 20:51:00,recommendation-api,recommendation_requests_total,24966.0,count
3466,2026-06-29 20:51:00,recommendation-api,recommendation_latency_ms,27772.49,ms
3467,2026-06-29 20:51:00,recommendation-api,recommendation_error_rate,98.5,%
3468,2026-06-29 20:51:00,recommendation-db,db_cpu_percent,100.0,%
3469,2026-06-29 20:51:00,recommendation-db,db_connection_count,148.0,count
3470,2026-06-29 20:51:00,recommendation-db,db_read_qps,8227.0,qps
3471,2026-06-29 20:51:00,recommendation-db,db_write_qps,2405.0,qps
3472,2026-06-29 20:51:00,recommendation-db,db_query_latency_ms,999.8,ms
3473,2026-06-29 20:51:00,recommendation-cache,cache_hit_rate,34.09,%
3474,2026-06-29 20:51:00,recommendation-cache,cache_refresh_rate,650.0,ops
3475,2026-06-29 20:51:00,recommendation-cache,cache_evictions,68.0,count
3476,2026-06-29 20:51:00,ranking-service,pod_cpu_percent,98.0,%
3477,2026-06-29 20:51:00,ranking-service,pod_memory_percent,62.2,%
3478,2026-06-29 20:51:00,business,recommendation_ctr,0.5,%
3479,2026-06-29 20:51:00,business,homepage_load_time,27992.49,ms
3480,2026-06-29 20:52:00,recommendation-api,recommendation_requests_total,24796.0,count
3481,2026-06-29 20:52:00,recommendation-api,recommendation_latency_ms,28178.78,ms
3482,2026-06-29 20:52:00,recommendation-api,recommendation_error_rate,98.5,%
3483,2026-06-29 20:52:00,recommendation-db,db_cpu_percent,100.0,%
3484,2026-06-29 20:52:00,recommendation-db,db_connection_count,149.0,count
3485,2026-06-29 20:52:00,recommendation-db,db_read_qps,8031.0,qps
3486,2026-06-29 20:52:00,recommendation-db,db_write_qps,2405.0,qps
3487,2026-06-29 20:52:00,recommendation-db,db_query_latency_ms,1019.49,ms
3488,2026-06-29 20:52:00,recommendation-cache,cache_hit_rate,35.22,%
3489,2026-06-29 20:52:00,recommendation-cache,cache_refresh_rate,650.0,ops
3490,2026-06-29 20:52:00,recommendation-cache,cache_evictions,68.0,count
3491,2026-06-29 20:52:00,ranking-service,pod_cpu_percent,98.0,%
3492,2026-06-29 20:52:00,ranking-service,pod_memory_percent,61.9,%
3493,2026-06-29 20:52:00,business,recommendation_ctr,0.5,%
3494,2026-06-29 20:52:00,business,homepage_load_time,28398.78,ms
3495,2026-06-29 20:53:00,recommendation-api,recommendation_requests_total,24629.0,count
3496,2026-06-29 20:53:00,recommendation-api,recommendation_latency_ms,28530.46,ms
3497,2026-06-29 20:53:00,recommendation-api,recommendation_error_rate,98.5,%
3498,2026-06-29 20:53:00,recommendation-db,db_cpu_percent,100.0,%
3499,2026-06-29 20:53:00,recommendation-db,db_connection_count,150.0,count
3500,2026-06-29 20:53:00,recommendation-db,db_read_qps,8028.0,qps
3501,2026-06-29 20:53:00,recommendation-db,db_write_qps,2405.0,qps
3502,2026-06-29 20:53:00,recommendation-db,db_query_latency_ms,1018.75,ms
3503,2026-06-29 20:53:00,recommendation-cache,cache_hit_rate,34.8,%
3504,2026-06-29 20:53:00,recommendation-cache,cache_refresh_rate,650.0,ops
3505,2026-06-29 20:53:00,recommendation-cache,cache_evictions,69.0,count
3506,2026-06-29 20:53:00,ranking-service,pod_cpu_percent,98.0,%
3507,2026-06-29 20:53:00,ranking-service,pod_memory_percent,62.0,%
3508,2026-06-29 20:53:00,business,recommendation_ctr,0.5,%
3509,2026-06-29 20:53:00,business,homepage_load_time,28750.46,ms
3510,2026-06-29 20:54:00,recommendation-api,recommendation_requests_total,24465.0,count
3511,2026-06-29 20:54:00,recommendation-api,recommendation_latency_ms,28893.19,ms
3512,2026-06-29 20:54:00,recommendation-api,recommendation_error_rate,98.5,%
3513,2026-06-29 20:54:00,recommendation-db,db_cpu_percent,100.0,%
3514,2026-06-29 20:54:00,recommendation-db,db_connection_count,150.0,count
3515,2026-06-29 20:54:00,recommendation-db,db_read_qps,7927.0,qps
3516,2026-06-29 20:54:00,recommendation-db,db_write_qps,2405.0,qps
3517,2026-06-29 20:54:00,recommendation-db,db_query_latency_ms,1022.33,ms
3518,2026-06-29 20:54:00,recommendation-cache,cache_hit_rate,35.19,%
3519,2026-06-29 20:54:00,recommendation-cache,cache_refresh_rate,650.0,ops
3520,2026-06-29 20:54:00,recommendation-cache,cache_evictions,69.0,count
3521,2026-06-29 20:54:00,ranking-service,pod_cpu_percent,98.0,%
3522,2026-06-29 20:54:00,ranking-service,pod_memory_percent,61.9,%
3523,2026-06-29 20:54:00,business,recommendation_ctr,0.5,%
3524,2026-06-29 20:54:00,business,homepage_load_time,29113.19,ms
3525,2026-06-29 20:55:00,recommendation-api,recommendation_requests_total,24303.0,count
3526,2026-06-29 20:55:00,recommendation-api,recommendation_latency_ms,29253.27,ms
3527,2026-06-29 20:55:00,recommendation-api,recommendation_error_rate,98.5,%
3528,2026-06-29 20:55:00,recommendation-db,db_cpu_percent,100.0,%
3529,2026-06-29 20:55:00,recommendation-db,db_connection_count,150.0,count
3530,2026-06-29 20:55:00,recommendation-db,db_read_qps,8016.0,qps
3531,2026-06-29 20:55:00,recommendation-db,db_write_qps,2405.0,qps
3532,2026-06-29 20:55:00,recommendation-db,db_query_latency_ms,1025.24,ms
3533,2026-06-29 20:55:00,recommendation-cache,cache_hit_rate,34.03,%
3534,2026-06-29 20:55:00,recommendation-cache,cache_refresh_rate,650.0,ops
3535,2026-06-29 20:55:00,recommendation-cache,cache_evictions,70.0,count
3536,2026-06-29 20:55:00,ranking-service,pod_cpu_percent,98.0,%
3537,2026-06-29 20:55:00,ranking-service,pod_memory_percent,61.9,%
3538,2026-06-29 20:55:00,business,recommendation_ctr,0.5,%
3539,2026-06-29 20:55:00,business,homepage_load_time,29473.27,ms
3540,2026-06-29 20:56:00,recommendation-api,recommendation_requests_total,24143.0,count
3541,2026-06-29 20:56:00,recommendation-api,recommendation_latency_ms,29685.64,ms
3542,2026-06-29 20:56:00,recommendation-api,recommendation_error_rate,98.5,%
3543,2026-06-29 20:56:00,recommendation-db,db_cpu_percent,100.0,%
3544,2026-06-29 20:56:00,recommendation-db,db_connection_count,150.0,count
3545,2026-06-29 20:56:00,recommendation-db,db_read_qps,7784.0,qps
3546,2026-06-29 20:56:00,recommendation-db,db_write_qps,2405.0,qps
3547,2026-06-29 20:56:00,recommendation-db,db_query_latency_ms,1047.62,ms
3548,2026-06-29 20:56:00,recommendation-cache,cache_hit_rate,35.52,%
3549,2026-06-29 20:56:00,recommendation-cache,cache_refresh_rate,650.0,ops
3550,2026-06-29 20:56:00,recommendation-cache,cache_evictions,70.0,count
3551,2026-06-29 20:56:00,ranking-service,pod_cpu_percent,98.0,%
3552,2026-06-29 20:56:00,ranking-service,pod_memory_percent,61.8,%
3553,2026-06-29 20:56:00,business,recommendation_ctr,0.5,%
3554,2026-06-29 20:56:00,business,homepage_load_time,29905.64,ms
3555,2026-06-29 20:57:00,recommendation-api,recommendation_requests_total,23986.0,count
3556,2026-06-29 20:57:00,recommendation-api,recommendation_latency_ms,30024.36,ms
3557,2026-06-29 20:57:00,recommendation-api,recommendation_error_rate,98.5,%
3558,2026-06-29 20:57:00,recommendation-db,db_cpu_percent,100.0,%
3559,2026-06-29 20:57:00,recommendation-db,db_connection_count,149.0,count
3560,2026-06-29 20:57:00,recommendation-db,db_read_qps,7753.0,qps
3561,2026-06-29 20:57:00,recommendation-db,db_write_qps,2405.0,qps
3562,2026-06-29 20:57:00,recommendation-db,db_query_latency_ms,1047.25,ms
3563,2026-06-29 20:57:00,recommendation-cache,cache_hit_rate,35.35,%
3564,2026-06-29 20:57:00,recommendation-cache,cache_refresh_rate,650.0,ops
3565,2026-06-29 20:57:00,recommendation-cache,cache_evictions,70.0,count
3566,2026-06-29 20:57:00,ranking-service,pod_cpu_percent,98.0,%
3567,2026-06-29 20:57:00,ranking-service,pod_memory_percent,61.5,%
3568,2026-06-29 20:57:00,business,recommendation_ctr,0.5,%
3569,2026-06-29 20:57:00,business,homepage_load_time,30244.36,ms
3570,2026-06-29 20:58:00,recommendation-api,recommendation_requests_total,23832.0,count
3571,2026-06-29 20:58:00,recommendation-api,recommendation_latency_ms,30381.28,ms
3572,2026-06-29 20:58:00,recommendation-api,recommendation_error_rate,98.5,%
3573,2026-06-29 20:58:00,recommendation-db,db_cpu_percent,100.0,%
3574,2026-06-29 20:58:00,recommendation-db,db_connection_count,150.0,count
3575,2026-06-29 20:58:00,recommendation-db,db_read_qps,7762.0,qps
3576,2026-06-29 20:58:00,recommendation-db,db_write_qps,2405.0,qps
3577,2026-06-29 20:58:00,recommendation-db,db_query_latency_ms,1049.54,ms
3578,2026-06-29 20:58:00,recommendation-cache,cache_hit_rate,34.86,%
3579,2026-06-29 20:58:00,recommendation-cache,cache_refresh_rate,650.0,ops
3580,2026-06-29 20:58:00,recommendation-cache,cache_evictions,71.0,count
3581,2026-06-29 20:58:00,ranking-service,pod_cpu_percent,98.0,%
3582,2026-06-29 20:58:00,ranking-service,pod_memory_percent,61.4,%
3583,2026-06-29 20:58:00,business,recommendation_ctr,0.5,%
3584,2026-06-29 20:58:00,business,homepage_load_time,30601.28,ms
3585,2026-06-29 20:59:00,recommendation-api,recommendation_requests_total,23681.0,count
3586,2026-06-29 20:59:00,recommendation-api,recommendation_latency_ms,30708.38,ms
3587,2026-06-29 20:59:00,recommendation-api,recommendation_error_rate,98.5,%
3588,2026-06-29 20:59:00,recommendation-db,db_cpu_percent,100.0,%
3589,2026-06-29 20:59:00,recommendation-db,db_connection_count,148.0,count
3590,2026-06-29 20:59:00,recommendation-db,db_read_qps,7618.0,qps
3591,2026-06-29 20:59:00,recommendation-db,db_write_qps,2405.0,qps
3592,2026-06-29 20:59:00,recommendation-db,db_query_latency_ms,1036.57,ms
3593,2026-06-29 20:59:00,recommendation-cache,cache_hit_rate,35.66,%
3594,2026-06-29 20:59:00,recommendation-cache,cache_refresh_rate,650.0,ops
3595,2026-06-29 20:59:00,recommendation-cache,cache_evictions,71.0,count
3596,2026-06-29 20:59:00,ranking-service,pod_cpu_percent,98.0,%
3597,2026-06-29 20:59:00,ranking-service,pod_memory_percent,61.6,%
3598,2026-06-29 20:59:00,business,recommendation_ctr,0.5,%
3599,2026-06-29 20:59:00,business,homepage_load_time,30928.38,ms
3600,2026-06-29 21:00:00,recommendation-api,recommendation_requests_total,23533.0,count
3601,2026-06-29 21:00:00,recommendation-api,recommendation_latency_ms,30708.38,ms
3602,2026-06-29 21:00:00,recommendation-api,recommendation_error_rate,98.5,%
3603,2026-06-29 21:00:00,recommendation-db,db_cpu_percent,100.0,%
3604,2026-06-29 21:00:00,recommendation-db,db_connection_count,150.0,count
3605,2026-06-29 21:00:00,recommendation-db,db_read_qps,400.0,qps
3606,2026-06-29 21:00:00,recommendation-db,db_write_qps,800.0,qps
3607,2026-06-29 21:00:00,recommendation-db,db_query_latency_ms,350.0,ms
3608,2026-06-29 21:00:00,recommendation-cache,cache_hit_rate,44.9,%
3609,2026-06-29 21:00:00,recommendation-cache,cache_refresh_rate,450.0,ops
3610,2026-06-29 21:00:00,recommendation-cache,cache_evictions,40.0,count
3611,2026-06-29 21:00:00,ranking-service,pod_cpu_percent,98.0,%
3612,2026-06-29 21:00:00,ranking-service,pod_memory_percent,61.0,%
3613,2026-06-29 21:00:00,business,recommendation_ctr,0.5,%
3614,2026-06-29 21:00:00,business,homepage_load_time,30928.38,ms
3615,2026-06-29 21:01:00,recommendation-api,recommendation_requests_total,21752.0,count
3616,2026-06-29 21:01:00,recommendation-api,recommendation_latency_ms,30663.38,ms
3617,2026-06-29 21:01:00,recommendation-api,recommendation_error_rate,94.5,%
3618,2026-06-29 21:01:00,recommendation-db,db_cpu_percent,96.5,%
3619,2026-06-29 21:01:00,recommendation-db,db_connection_count,144.0,count
3620,2026-06-29 21:01:00,recommendation-db,db_read_qps,385.0,qps
3621,2026-06-29 21:01:00,recommendation-db,db_write_qps,765.0,qps
3622,2026-06-29 21:01:00,recommendation-db,db_query_latency_ms,335.0,ms
3623,2026-06-29 21:01:00,recommendation-cache,cache_hit_rate,47.82,%
3624,2026-06-29 21:01:00,recommendation-cache,cache_refresh_rate,430.0,ops
3625,2026-06-29 21:01:00,recommendation-cache,cache_evictions,38.0,count
3626,2026-06-29 21:01:00,ranking-service,pod_cpu_percent,98.0,%
3627,2026-06-29 21:01:00,ranking-service,pod_memory_percent,60.7,%
3628,2026-06-29 21:01:00,business,recommendation_ctr,0.6,%
3629,2026-06-29 21:01:00,business,homepage_load_time,30883.38,ms
3630,2026-06-29 21:02:00,recommendation-api,recommendation_requests_total,20049.0,count
3631,2026-06-29 21:02:00,recommendation-api,recommendation_latency_ms,30573.38,ms
3632,2026-06-29 21:02:00,recommendation-api,recommendation_error_rate,86.5,%
3633,2026-06-29 21:02:00,recommendation-db,db_cpu_percent,93.0,%
3634,2026-06-29 21:02:00,recommendation-db,db_connection_count,138.0,count
3635,2026-06-29 21:02:00,recommendation-db,db_read_qps,370.0,qps
3636,2026-06-29 21:02:00,recommendation-db,db_write_qps,730.0,qps
3637,2026-06-29 21:02:00,recommendation-db,db_query_latency_ms,320.0,ms
3638,2026-06-29 21:02:00,recommendation-cache,cache_hit_rate,50.14,%
3639,2026-06-29 21:02:00,recommendation-cache,cache_refresh_rate,410.0,ops
3640,2026-06-29 21:02:00,recommendation-cache,cache_evictions,36.0,count
3641,2026-06-29 21:02:00,ranking-service,pod_cpu_percent,98.0,%
3642,2026-06-29 21:02:00,ranking-service,pod_memory_percent,59.8,%
3643,2026-06-29 21:02:00,business,recommendation_ctr,0.8,%
3644,2026-06-29 21:02:00,business,homepage_load_time,30793.38,ms
3645,2026-06-29 21:03:00,recommendation-api,recommendation_requests_total,18422.0,count
3646,2026-06-29 21:03:00,recommendation-api,recommendation_latency_ms,30438.38,ms
3647,2026-06-29 21:03:00,recommendation-api,recommendation_error_rate,74.5,%
3648,2026-06-29 21:03:00,recommendation-db,db_cpu_percent,89.5,%
3649,2026-06-29 21:03:00,recommendation-db,db_connection_count,132.0,count
3650,2026-06-29 21:03:00,recommendation-db,db_read_qps,355.0,qps
3651,2026-06-29 21:03:00,recommendation-db,db_write_qps,695.0,qps
3652,2026-06-29 21:03:00,recommendation-db,db_query_latency_ms,305.0,ms
3653,2026-06-29 21:03:00,recommendation-cache,cache_hit_rate,50.99,%
3654,2026-06-29 21:03:00,recommendation-cache,cache_refresh_rate,390.0,ops
3655,2026-06-29 21:03:00,recommendation-cache,cache_evictions,34.0,count
3656,2026-06-29 21:03:00,ranking-service,pod_cpu_percent,98.0,%
3657,2026-06-29 21:03:00,ranking-service,pod_memory_percent,59.7,%
3658,2026-06-29 21:03:00,business,recommendation_ctr,1.1,%
3659,2026-06-29 21:03:00,business,homepage_load_time,30658.38,ms
3660,2026-06-29 21:04:00,recommendation-api,recommendation_requests_total,16870.0,count
3661,2026-06-29 21:04:00,recommendation-api,recommendation_latency_ms,30258.38,ms
3662,2026-06-29 21:04:00,recommendation-api,recommendation_error_rate,58.5,%
3663,2026-06-29 21:04:00,recommendation-db,db_cpu_percent,86.0,%
3664,2026-06-29 21:04:00,recommendation-db,db_connection_count,126.0,count
3665,2026-06-29 21:04:00,recommendation-db,db_read_qps,340.0,qps
3666,2026-06-29 21:04:00,recommendation-db,db_write_qps,660.0,qps
3667,2026-06-29 21:04:00,recommendation-db,db_query_latency_ms,290.0,ms
3668,2026-06-29 21:04:00,recommendation-cache,cache_hit_rate,55.62,%
3669,2026-06-29 21:04:00,recommendation-cache,cache_refresh_rate,370.0,ops
3670,2026-06-29 21:04:00,recommendation-cache,cache_evictions,32.0,count
3671,2026-06-29 21:04:00,ranking-service,pod_cpu_percent,98.0,%
3672,2026-06-29 21:04:00,ranking-service,pod_memory_percent,58.6,%
3673,2026-06-29 21:04:00,business,recommendation_ctr,1.5,%
3674,2026-06-29 21:04:00,business,homepage_load_time,30478.38,ms
3675,2026-06-29 21:05:00,recommendation-api,recommendation_requests_total,15391.0,count
3676,2026-06-29 21:05:00,recommendation-api,recommendation_latency_ms,30033.38,ms
3677,2026-06-29 21:05:00,recommendation-api,recommendation_error_rate,38.5,%
3678,2026-06-29 21:05:00,recommendation-db,db_cpu_percent,82.5,%
3679,2026-06-29 21:05:00,recommendation-db,db_connection_count,120.0,count
3680,2026-06-29 21:05:00,recommendation-db,db_read_qps,325.0,qps
3681,2026-06-29 21:05:00,recommendation-db,db_write_qps,625.0,qps
3682,2026-06-29 21:05:00,recommendation-db,db_query_latency_ms,275.0,ms
3683,2026-06-29 21:05:00,recommendation-cache,cache_hit_rate,57.9,%
3684,2026-06-29 21:05:00,recommendation-cache,cache_refresh_rate,350.0,ops
3685,2026-06-29 21:05:00,recommendation-cache,cache_evictions,31.0,count
3686,2026-06-29 21:05:00,ranking-service,pod_cpu_percent,98.0,%
3687,2026-06-29 21:05:00,ranking-service,pod_memory_percent,58.3,%
3688,2026-06-29 21:05:00,business,recommendation_ctr,2.0,%
3689,2026-06-29 21:05:00,business,homepage_load_time,30253.38,ms
3690,2026-06-29 21:06:00,recommendation-api,recommendation_requests_total,13985.0,count
3691,2026-06-29 21:06:00,recommendation-api,recommendation_latency_ms,29763.38,ms
3692,2026-06-29 21:06:00,recommendation-api,recommendation_error_rate,14.5,%
3693,2026-06-29 21:06:00,recommendation-db,db_cpu_percent,79.0,%
3694,2026-06-29 21:06:00,recommendation-db,db_connection_count,114.0,count
3695,2026-06-29 21:06:00,recommendation-db,db_read_qps,310.0,qps
3696,2026-06-29 21:06:00,recommendation-db,db_write_qps,590.0,qps
3697,2026-06-29 21:06:00,recommendation-db,db_query_latency_ms,260.0,ms
3698,2026-06-29 21:06:00,recommendation-cache,cache_hit_rate,60.25,%
3699,2026-06-29 21:06:00,recommendation-cache,cache_refresh_rate,330.0,ops
3700,2026-06-29 21:06:00,recommendation-cache,cache_evictions,29.0,count
3701,2026-06-29 21:06:00,ranking-service,pod_cpu_percent,98.0,%
3702,2026-06-29 21:06:00,ranking-service,pod_memory_percent,58.1,%
3703,2026-06-29 21:06:00,business,recommendation_ctr,2.6,%
3704,2026-06-29 21:06:00,business,homepage_load_time,29983.38,ms
3705,2026-06-29 21:07:00,recommendation-api,recommendation_requests_total,12648.0,count
3706,2026-06-29 21:07:00,recommendation-api,recommendation_latency_ms,29448.38,ms
3707,2026-06-29 21:07:00,recommendation-api,recommendation_error_rate,0.05,%
3708,2026-06-29 21:07:00,recommendation-db,db_cpu_percent,75.5,%
3709,2026-06-29 21:07:00,recommendation-db,db_connection_count,108.0,count
3710,2026-06-29 21:07:00,recommendation-db,db_read_qps,295.0,qps
3711,2026-06-29 21:07:00,recommendation-db,db_write_qps,555.0,qps
3712,2026-06-29 21:07:00,recommendation-db,db_query_latency_ms,245.0,ms
3713,2026-06-29 21:07:00,recommendation-cache,cache_hit_rate,62.7,%
3714,2026-06-29 21:07:00,recommendation-cache,cache_refresh_rate,310.0,ops
3715,2026-06-29 21:07:00,recommendation-cache,cache_evictions,27.0,count
3716,2026-06-29 21:07:00,ranking-service,pod_cpu_percent,97.5,%
3717,2026-06-29 21:07:00,ranking-service,pod_memory_percent,57.1,%
3718,2026-06-29 21:07:00,business,recommendation_ctr,3.3,%
3719,2026-06-29 21:07:00,business,homepage_load_time,29668.38,ms
3720,2026-06-29 21:08:00,recommendation-api,recommendation_requests_total,11381.0,count
3721,2026-06-29 21:08:00,recommendation-api,recommendation_latency_ms,29088.38,ms
3722,2026-06-29 21:08:00,recommendation-api,recommendation_error_rate,0.05,%
3723,2026-06-29 21:08:00,recommendation-db,db_cpu_percent,72.0,%
3724,2026-06-29 21:08:00,recommendation-db,db_connection_count,102.0,count
3725,2026-06-29 21:08:00,recommendation-db,db_read_qps,280.0,qps
3726,2026-06-29 21:08:00,recommendation-db,db_write_qps,520.0,qps
3727,2026-06-29 21:08:00,recommendation-db,db_query_latency_ms,230.0,ms
3728,2026-06-29 21:08:00,recommendation-cache,cache_hit_rate,64.12,%
3729,2026-06-29 21:08:00,recommendation-cache,cache_refresh_rate,290.0,ops
3730,2026-06-29 21:08:00,recommendation-cache,cache_evictions,25.0,count
3731,2026-06-29 21:08:00,ranking-service,pod_cpu_percent,90.9,%
3732,2026-06-29 21:08:00,ranking-service,pod_memory_percent,56.5,%
3733,2026-06-29 21:08:00,business,recommendation_ctr,4.1,%
3734,2026-06-29 21:08:00,business,homepage_load_time,29308.38,ms
3735,2026-06-29 21:09:00,recommendation-api,recommendation_requests_total,10182.0,count
3736,2026-06-29 21:09:00,recommendation-api,recommendation_latency_ms,28683.38,ms
3737,2026-06-29 21:09:00,recommendation-api,recommendation_error_rate,0.05,%
3738,2026-06-29 21:09:00,recommendation-db,db_cpu_percent,68.5,%
3739,2026-06-29 21:09:00,recommendation-db,db_connection_count,96.0,count
3740,2026-06-29 21:09:00,recommendation-db,db_read_qps,265.0,qps
3741,2026-06-29 21:09:00,recommendation-db,db_write_qps,485.0,qps
3742,2026-06-29 21:09:00,recommendation-db,db_query_latency_ms,215.0,ms
3743,2026-06-29 21:09:00,recommendation-cache,cache_hit_rate,67.24,%
3744,2026-06-29 21:09:00,recommendation-cache,cache_refresh_rate,270.0,ops
3745,2026-06-29 21:09:00,recommendation-cache,cache_evictions,23.0,count
3746,2026-06-29 21:09:00,ranking-service,pod_cpu_percent,86.1,%
3747,2026-06-29 21:09:00,ranking-service,pod_memory_percent,55.9,%
3748,2026-06-29 21:09:00,business,recommendation_ctr,4.1,%
3749,2026-06-29 21:09:00,business,homepage_load_time,28903.38,ms
3750,2026-06-29 21:10:00,recommendation-api,recommendation_requests_total,9048.0,count
3751,2026-06-29 21:10:00,recommendation-api,recommendation_latency_ms,28233.38,ms
3752,2026-06-29 21:10:00,recommendation-api,recommendation_error_rate,0.05,%
3753,2026-06-29 21:10:00,recommendation-db,db_cpu_percent,65.0,%
3754,2026-06-29 21:10:00,recommendation-db,db_connection_count,90.0,count
3755,2026-06-29 21:10:00,recommendation-db,db_read_qps,250.0,qps
3756,2026-06-29 21:10:00,recommendation-db,db_write_qps,450.0,qps
3757,2026-06-29 21:10:00,recommendation-db,db_query_latency_ms,200.0,ms
3758,2026-06-29 21:10:00,recommendation-cache,cache_hit_rate,70.56,%
3759,2026-06-29 21:10:00,recommendation-cache,cache_refresh_rate,250.0,ops
3760,2026-06-29 21:10:00,recommendation-cache,cache_evictions,22.0,count
3761,2026-06-29 21:10:00,ranking-service,pod_cpu_percent,80.3,%
3762,2026-06-29 21:10:00,ranking-service,pod_memory_percent,55.6,%
3763,2026-06-29 21:10:00,business,recommendation_ctr,4.1,%
3764,2026-06-29 21:10:00,business,homepage_load_time,28453.38,ms
3765,2026-06-29 21:11:00,recommendation-api,recommendation_requests_total,7980.0,count
3766,2026-06-29 21:11:00,recommendation-api,recommendation_latency_ms,27738.38,ms
3767,2026-06-29 21:11:00,recommendation-api,recommendation_error_rate,0.05,%
3768,2026-06-29 21:11:00,recommendation-db,db_cpu_percent,61.5,%
3769,2026-06-29 21:11:00,recommendation-db,db_connection_count,84.0,count
3770,2026-06-29 21:11:00,recommendation-db,db_read_qps,235.0,qps
3771,2026-06-29 21:11:00,recommendation-db,db_write_qps,415.0,qps
3772,2026-06-29 21:11:00,recommendation-db,db_query_latency_ms,185.0,ms
3773,2026-06-29 21:11:00,recommendation-cache,cache_hit_rate,72.34,%
3774,2026-06-29 21:11:00,recommendation-cache,cache_refresh_rate,230.0,ops
3775,2026-06-29 21:11:00,recommendation-cache,cache_evictions,20.0,count
3776,2026-06-29 21:11:00,ranking-service,pod_cpu_percent,75.1,%
3777,2026-06-29 21:11:00,ranking-service,pod_memory_percent,55.4,%
3778,2026-06-29 21:11:00,business,recommendation_ctr,4.1,%
3779,2026-06-29 21:11:00,business,homepage_load_time,27958.38,ms
3780,2026-06-29 21:12:00,recommendation-api,recommendation_requests_total,6976.0,count
3781,2026-06-29 21:12:00,recommendation-api,recommendation_latency_ms,27198.38,ms
3782,2026-06-29 21:12:00,recommendation-api,recommendation_error_rate,0.05,%
3783,2026-06-29 21:12:00,recommendation-db,db_cpu_percent,58.0,%
3784,2026-06-29 21:12:00,recommendation-db,db_connection_count,78.0,count
3785,2026-06-29 21:12:00,recommendation-db,db_read_qps,220.0,qps
3786,2026-06-29 21:12:00,recommendation-db,db_write_qps,380.0,qps
3787,2026-06-29 21:12:00,recommendation-db,db_query_latency_ms,170.0,ms
3788,2026-06-29 21:12:00,recommendation-cache,cache_hit_rate,74.57,%
3789,2026-06-29 21:12:00,recommendation-cache,cache_refresh_rate,210.0,ops
3790,2026-06-29 21:12:00,recommendation-cache,cache_evictions,18.0,count
3791,2026-06-29 21:12:00,ranking-service,pod_cpu_percent,68.9,%
3792,2026-06-29 21:12:00,ranking-service,pod_memory_percent,54.7,%
3793,2026-06-29 21:12:00,business,recommendation_ctr,4.1,%
3794,2026-06-29 21:12:00,business,homepage_load_time,27418.38,ms
3795,2026-06-29 21:13:00,recommendation-api,recommendation_requests_total,6034.0,count
3796,2026-06-29 21:13:00,recommendation-api,recommendation_latency_ms,26613.38,ms
3797,2026-06-29 21:13:00,recommendation-api,recommendation_error_rate,0.05,%
3798,2026-06-29 21:13:00,recommendation-db,db_cpu_percent,54.5,%
3799,2026-06-29 21:13:00,recommendation-db,db_connection_count,72.0,count
3800,2026-06-29 21:13:00,recommendation-db,db_read_qps,205.0,qps
3801,2026-06-29 21:13:00,recommendation-db,db_write_qps,345.0,qps
3802,2026-06-29 21:13:00,recommendation-db,db_query_latency_ms,155.0,ms
3803,2026-06-29 21:13:00,recommendation-cache,cache_hit_rate,76.83,%
3804,2026-06-29 21:13:00,recommendation-cache,cache_refresh_rate,190.0,ops
3805,2026-06-29 21:13:00,recommendation-cache,cache_evictions,16.0,count
3806,2026-06-29 21:13:00,ranking-service,pod_cpu_percent,64.0,%
3807,2026-06-29 21:13:00,ranking-service,pod_memory_percent,54.3,%
3808,2026-06-29 21:13:00,business,recommendation_ctr,4.1,%
3809,2026-06-29 21:13:00,business,homepage_load_time,26833.38,ms
3810,2026-06-29 21:14:00,recommendation-api,recommendation_requests_total,5153.0,count
3811,2026-06-29 21:14:00,recommendation-api,recommendation_latency_ms,25983.38,ms
3812,2026-06-29 21:14:00,recommendation-api,recommendation_error_rate,0.05,%
3813,2026-06-29 21:14:00,recommendation-db,db_cpu_percent,51.0,%
3814,2026-06-29 21:14:00,recommendation-db,db_connection_count,66.0,count
3815,2026-06-29 21:14:00,recommendation-db,db_read_qps,190.0,qps
3816,2026-06-29 21:14:00,recommendation-db,db_write_qps,310.0,qps
3817,2026-06-29 21:14:00,recommendation-db,db_query_latency_ms,140.0,ms
3818,2026-06-29 21:14:00,recommendation-cache,cache_hit_rate,80.44,%
3819,2026-06-29 21:14:00,recommendation-cache,cache_refresh_rate,170.0,ops
3820,2026-06-29 21:14:00,recommendation-cache,cache_evictions,14.0,count
3821,2026-06-29 21:14:00,ranking-service,pod_cpu_percent,61.2,%
3822,2026-06-29 21:14:00,ranking-service,pod_memory_percent,54.1,%
3823,2026-06-29 21:14:00,business,recommendation_ctr,4.1,%
3824,2026-06-29 21:14:00,business,homepage_load_time,26203.38,ms
3825,2026-06-29 21:15:00,recommendation-api,recommendation_requests_total,4333.0,count
3826,2026-06-29 21:15:00,recommendation-api,recommendation_latency_ms,25308.38,ms
3827,2026-06-29 21:15:00,recommendation-api,recommendation_error_rate,0.05,%
3828,2026-06-29 21:15:00,recommendation-db,db_cpu_percent,47.5,%
3829,2026-06-29 21:15:00,recommendation-db,db_connection_count,60.0,count
3830,2026-06-29 21:15:00,recommendation-db,db_read_qps,175.0,qps
3831,2026-06-29 21:15:00,recommendation-db,db_write_qps,275.0,qps
3832,2026-06-29 21:15:00,recommendation-db,db_query_latency_ms,125.0,ms
3833,2026-06-29 21:15:00,recommendation-cache,cache_hit_rate,82.93,%
3834,2026-06-29 21:15:00,recommendation-cache,cache_refresh_rate,150.0,ops
3835,2026-06-29 21:15:00,recommendation-cache,cache_evictions,13.0,count
3836,2026-06-29 21:15:00,ranking-service,pod_cpu_percent,56.5,%
3837,2026-06-29 21:15:00,ranking-service,pod_memory_percent,53.8,%
3838,2026-06-29 21:15:00,business,recommendation_ctr,4.1,%
3839,2026-06-29 21:15:00,business,homepage_load_time,25528.38,ms
3840,2026-06-29 21:16:00,recommendation-api,recommendation_requests_total,3572.0,count
3841,2026-06-29 21:16:00,recommendation-api,recommendation_latency_ms,24588.38,ms
3842,2026-06-29 21:16:00,recommendation-api,recommendation_error_rate,0.05,%
3843,2026-06-29 21:16:00,recommendation-db,db_cpu_percent,44.0,%
3844,2026-06-29 21:16:00,recommendation-db,db_connection_count,54.0,count
3845,2026-06-29 21:16:00,recommendation-db,db_read_qps,160.0,qps
3846,2026-06-29 21:16:00,recommendation-db,db_write_qps,240.0,qps
3847,2026-06-29 21:16:00,recommendation-db,db_query_latency_ms,110.0,ms
3848,2026-06-29 21:16:00,recommendation-cache,cache_hit_rate,84.95,%
3849,2026-06-29 21:16:00,recommendation-cache,cache_refresh_rate,130.0,ops
3850,2026-06-29 21:16:00,recommendation-cache,cache_evictions,11.0,count
3851,2026-06-29 21:16:00,ranking-service,pod_cpu_percent,53.3,%
3852,2026-06-29 21:16:00,ranking-service,pod_memory_percent,53.3,%
3853,2026-06-29 21:16:00,business,recommendation_ctr,4.1,%
3854,2026-06-29 21:16:00,business,homepage_load_time,24808.38,ms
3855,2026-06-29 21:17:00,recommendation-api,recommendation_requests_total,2869.0,count
3856,2026-06-29 21:17:00,recommendation-api,recommendation_latency_ms,23823.38,ms
3857,2026-06-29 21:17:00,recommendation-api,recommendation_error_rate,0.05,%
3858,2026-06-29 21:17:00,recommendation-db,db_cpu_percent,40.5,%
3859,2026-06-29 21:17:00,recommendation-db,db_connection_count,48.0,count
3860,2026-06-29 21:17:00,recommendation-db,db_read_qps,145.0,qps
3861,2026-06-29 21:17:00,recommendation-db,db_write_qps,205.0,qps
3862,2026-06-29 21:17:00,recommendation-db,db_query_latency_ms,95.0,ms
3863,2026-06-29 21:17:00,recommendation-cache,cache_hit_rate,86.28,%
3864,2026-06-29 21:17:00,recommendation-cache,cache_refresh_rate,110.0,ops
3865,2026-06-29 21:17:00,recommendation-cache,cache_evictions,9.0,count
3866,2026-06-29 21:17:00,ranking-service,pod_cpu_percent,49.2,%
3867,2026-06-29 21:17:00,ranking-service,pod_memory_percent,53.4,%
3868,2026-06-29 21:17:00,business,recommendation_ctr,4.1,%
3869,2026-06-29 21:17:00,business,homepage_load_time,24043.38,ms
3870,2026-06-29 21:18:00,recommendation-api,recommendation_requests_total,2470.0,count
3871,2026-06-29 21:18:00,recommendation-api,recommendation_latency_ms,23013.38,ms
3872,2026-06-29 21:18:00,recommendation-api,recommendation_error_rate,0.05,%
3873,2026-06-29 21:18:00,recommendation-db,db_cpu_percent,37.0,%
3874,2026-06-29 21:18:00,recommendation-db,db_connection_count,42.0,count
3875,2026-06-29 21:18:00,recommendation-db,db_read_qps,130.0,qps
3876,2026-06-29 21:18:00,recommendation-db,db_write_qps,170.0,qps
3877,2026-06-29 21:18:00,recommendation-db,db_query_latency_ms,80.0,ms
3878,2026-06-29 21:18:00,recommendation-cache,cache_hit_rate,88.46,%
3879,2026-06-29 21:18:00,recommendation-cache,cache_refresh_rate,90.0,ops
3880,2026-06-29 21:18:00,recommendation-cache,cache_evictions,7.0,count
3881,2026-06-29 21:18:00,ranking-service,pod_cpu_percent,48.8,%
3882,2026-06-29 21:18:00,ranking-service,pod_memory_percent,53.2,%
3883,2026-06-29 21:18:00,business,recommendation_ctr,4.1,%
3884,2026-06-29 21:18:00,business,homepage_load_time,23233.38,ms
3885,2026-06-29 21:19:00,recommendation-api,recommendation_requests_total,2334.0,count
3886,2026-06-29 21:19:00,recommendation-api,recommendation_latency_ms,22158.38,ms
3887,2026-06-29 21:19:00,recommendation-api,recommendation_error_rate,0.05,%
3888,2026-06-29 21:19:00,recommendation-db,db_cpu_percent,33.5,%
3889,2026-06-29 21:19:00,recommendation-db,db_connection_count,36.0,count
3890,2026-06-29 21:19:00,recommendation-db,db_read_qps,115.0,qps
3891,2026-06-29 21:19:00,recommendation-db,db_write_qps,135.0,qps
3892,2026-06-29 21:19:00,recommendation-db,db_query_latency_ms,65.0,ms
3893,2026-06-29 21:19:00,recommendation-cache,cache_hit_rate,88.04,%
3894,2026-06-29 21:19:00,recommendation-cache,cache_refresh_rate,70.0,ops
3895,2026-06-29 21:19:00,recommendation-cache,cache_evictions,5.0,count
3896,2026-06-29 21:19:00,ranking-service,pod_cpu_percent,47.0,%
3897,2026-06-29 21:19:00,ranking-service,pod_memory_percent,52.8,%
3898,2026-06-29 21:19:00,business,recommendation_ctr,4.1,%
3899,2026-06-29 21:19:00,business,homepage_load_time,22378.38,ms
3900,2026-06-29 21:20:00,recommendation-api,recommendation_requests_total,2199.0,count
3901,2026-06-29 21:20:00,recommendation-api,recommendation_latency_ms,21258.38,ms
3902,2026-06-29 21:20:00,recommendation-api,recommendation_error_rate,0.05,%
3903,2026-06-29 21:20:00,recommendation-db,db_cpu_percent,30.0,%
3904,2026-06-29 21:20:00,recommendation-db,db_connection_count,30.0,count
3905,2026-06-29 21:20:00,recommendation-db,db_read_qps,100.0,qps
3906,2026-06-29 21:20:00,recommendation-db,db_write_qps,100.0,qps
3907,2026-06-29 21:20:00,recommendation-db,db_query_latency_ms,50.0,ms
3908,2026-06-29 21:20:00,recommendation-cache,cache_hit_rate,87.84,%
3909,2026-06-29 21:20:00,recommendation-cache,cache_refresh_rate,50.0,ops
3910,2026-06-29 21:20:00,recommendation-cache,cache_evictions,4.0,count
3911,2026-06-29 21:20:00,ranking-service,pod_cpu_percent,46.9,%
3912,2026-06-29 21:20:00,ranking-service,pod_memory_percent,53.1,%
3913,2026-06-29 21:20:00,business,recommendation_ctr,4.1,%
3914,2026-06-29 21:20:00,business,homepage_load_time,21478.38,ms
3915,2026-06-29 21:21:00,recommendation-api,recommendation_requests_total,2065.0,count
3916,2026-06-29 21:21:00,recommendation-api,recommendation_latency_ms,20313.38,ms
3917,2026-06-29 21:21:00,recommendation-api,recommendation_error_rate,0.05,%
3918,2026-06-29 21:21:00,recommendation-db,db_cpu_percent,28.0,%
3919,2026-06-29 21:21:00,recommendation-db,db_connection_count,24.0,count
3920,2026-06-29 21:21:00,recommendation-db,db_read_qps,85.0,qps
3921,2026-06-29 21:21:00,recommendation-db,db_write_qps,65.0,qps
3922,2026-06-29 21:21:00,recommendation-db,db_query_latency_ms,35.0,ms
3923,2026-06-29 21:21:00,recommendation-cache,cache_hit_rate,87.93,%
3924,2026-06-29 21:21:00,recommendation-cache,cache_refresh_rate,30.0,ops
3925,2026-06-29 21:21:00,recommendation-cache,cache_evictions,3.0,count
3926,2026-06-29 21:21:00,ranking-service,pod_cpu_percent,44.7,%
3927,2026-06-29 21:21:00,ranking-service,pod_memory_percent,52.8,%
3928,2026-06-29 21:21:00,business,recommendation_ctr,4.1,%
3929,2026-06-29 21:21:00,business,homepage_load_time,20533.38,ms
3930,2026-06-29 21:22:00,recommendation-api,recommendation_requests_total,1933.0,count
3931,2026-06-29 21:22:00,recommendation-api,recommendation_latency_ms,19323.38,ms
3932,2026-06-29 21:22:00,recommendation-api,recommendation_error_rate,0.05,%
3933,2026-06-29 21:22:00,recommendation-db,db_cpu_percent,28.0,%
3934,2026-06-29 21:22:00,recommendation-db,db_connection_count,18.0,count
3935,2026-06-29 21:22:00,recommendation-db,db_read_qps,70.0,qps
3936,2026-06-29 21:22:00,recommendation-db,db_write_qps,30.0,qps
3937,2026-06-29 21:22:00,recommendation-db,db_query_latency_ms,20.0,ms
3938,2026-06-29 21:22:00,recommendation-cache,cache_hit_rate,88.3,%
3939,2026-06-29 21:22:00,recommendation-cache,cache_refresh_rate,20.0,ops
3940,2026-06-29 21:22:00,recommendation-cache,cache_evictions,3.0,count
3941,2026-06-29 21:22:00,ranking-service,pod_cpu_percent,42.5,%
3942,2026-06-29 21:22:00,ranking-service,pod_memory_percent,52.3,%
3943,2026-06-29 21:22:00,business,recommendation_ctr,4.1,%
3944,2026-06-29 21:22:00,business,homepage_load_time,19543.38,ms
3945,2026-06-29 21:23:00,recommendation-api,recommendation_requests_total,1864.0,count
3946,2026-06-29 21:23:00,recommendation-api,recommendation_latency_ms,18288.38,ms
3947,2026-06-29 21:23:00,recommendation-api,recommendation_error_rate,0.05,%
3948,2026-06-29 21:23:00,recommendation-db,db_cpu_percent,28.0,%
3949,2026-06-29 21:23:00,recommendation-db,db_connection_count,18.0,count
3950,2026-06-29 21:23:00,recommendation-db,db_read_qps,55.0,qps
3951,2026-06-29 21:23:00,recommendation-db,db_write_qps,30.0,qps
3952,2026-06-29 21:23:00,recommendation-db,db_query_latency_ms,5.0,ms
3953,2026-06-29 21:23:00,recommendation-cache,cache_hit_rate,87.72,%
3954,2026-06-29 21:23:00,recommendation-cache,cache_refresh_rate,20.0,ops
3955,2026-06-29 21:23:00,recommendation-cache,cache_evictions,3.0,count
3956,2026-06-29 21:23:00,ranking-service,pod_cpu_percent,42.5,%
3957,2026-06-29 21:23:00,ranking-service,pod_memory_percent,52.6,%
3958,2026-06-29 21:23:00,business,recommendation_ctr,4.1,%
3959,2026-06-29 21:23:00,business,homepage_load_time,18508.38,ms
3960,2026-06-29 21:24:00,recommendation-api,recommendation_requests_total,1858.0,count
3961,2026-06-29 21:24:00,recommendation-api,recommendation_latency_ms,17208.38,ms
3962,2026-06-29 21:24:00,recommendation-api,recommendation_error_rate,0.05,%
3963,2026-06-29 21:24:00,recommendation-db,db_cpu_percent,28.0,%
3964,2026-06-29 21:24:00,recommendation-db,db_connection_count,18.0,count
3965,2026-06-29 21:24:00,recommendation-db,db_read_qps,50.0,qps
3966,2026-06-29 21:24:00,recommendation-db,db_write_qps,30.0,qps
3967,2026-06-29 21:24:00,recommendation-db,db_query_latency_ms,5.0,ms
3968,2026-06-29 21:24:00,recommendation-cache,cache_hit_rate,87.93,%
3969,2026-06-29 21:24:00,recommendation-cache,cache_refresh_rate,20.0,ops
3970,2026-06-29 21:24:00,recommendation-cache,cache_evictions,3.0,count
3971,2026-06-29 21:24:00,ranking-service,pod_cpu_percent,43.6,%
3972,2026-06-29 21:24:00,ranking-service,pod_memory_percent,53.0,%
3973,2026-06-29 21:24:00,business,recommendation_ctr,4.1,%
3974,2026-06-29 21:24:00,business,homepage_load_time,17428.38,ms
3975,2026-06-29 21:25:00,recommendation-api,recommendation_requests_total,1852.0,count
3976,2026-06-29 21:25:00,recommendation-api,recommendation_latency_ms,16083.38,ms
3977,2026-06-29 21:25:00,recommendation-api,recommendation_error_rate,0.05,%
3978,2026-06-29 21:25:00,recommendation-db,db_cpu_percent,28.0,%
3979,2026-06-29 21:25:00,recommendation-db,db_connection_count,18.0,count
3980,2026-06-29 21:25:00,recommendation-db,db_read_qps,50.0,qps
3981,2026-06-29 21:25:00,recommendation-db,db_write_qps,30.0,qps
3982,2026-06-29 21:25:00,recommendation-db,db_query_latency_ms,5.0,ms
3983,2026-06-29 21:25:00,recommendation-cache,cache_hit_rate,88.16,%
3984,2026-06-29 21:25:00,recommendation-cache,cache_refresh_rate,20.0,ops
3985,2026-06-29 21:25:00,recommendation-cache,cache_evictions,3.0,count
3986,2026-06-29 21:25:00,ranking-service,pod_cpu_percent,44.7,%
3987,2026-06-29 21:25:00,ranking-service,pod_memory_percent,52.9,%
3988,2026-06-29 21:25:00,business,recommendation_ctr,4.1,%
3989,2026-06-29 21:25:00,business,homepage_load_time,16303.38,ms
3990,2026-06-29 21:26:00,recommendation-api,recommendation_requests_total,1846.0,count
3991,2026-06-29 21:26:00,recommendation-api,recommendation_latency_ms,14913.38,ms
3992,2026-06-29 21:26:00,recommendation-api,recommendation_error_rate,0.05,%
3993,2026-06-29 21:26:00,recommendation-db,db_cpu_percent,28.0,%
3994,2026-06-29 21:26:00,recommendation-db,db_connection_count,18.0,count
3995,2026-06-29 21:26:00,recommendation-db,db_read_qps,50.0,qps
3996,2026-06-29 21:26:00,recommendation-db,db_write_qps,30.0,qps
3997,2026-06-29 21:26:00,recommendation-db,db_query_latency_ms,5.0,ms
3998,2026-06-29 21:26:00,recommendation-cache,cache_hit_rate,87.43,%
3999,2026-06-29 21:26:00,recommendation-cache,cache_refresh_rate,20.0,ops
4000,2026-06-29 21:26:00,recommendation-cache,cache_evictions,3.0,count
4001,2026-06-29 21:26:00,ranking-service,pod_cpu_percent,45.8,%
4002,2026-06-29 21:26:00,ranking-service,pod_memory_percent,52.7,%
4003,2026-06-29 21:26:00,business,recommendation_ctr,4.1,%
4004,2026-06-29 21:26:00,business,homepage_load_time,15133.38,ms
4005,2026-06-29 21:27:00,recommendation-api,recommendation_requests_total,1841.0,count
4006,2026-06-29 21:27:00,recommendation-api,recommendation_latency_ms,13698.38,ms
4007,2026-06-29 21:27:00,recommendation-api,recommendation_error_rate,0.05,%
4008,2026-06-29 21:27:00,recommendation-db,db_cpu_percent,28.0,%
4009,2026-06-29 21:27:00,recommendation-db,db_connection_count,18.0,count
4010,2026-06-29 21:27:00,recommendation-db,db_read_qps,50.0,qps
4011,2026-06-29 21:27:00,recommendation-db,db_write_qps,30.0,qps
4012,2026-06-29 21:27:00,recommendation-db,db_query_latency_ms,5.0,ms
4013,2026-06-29 21:27:00,recommendation-cache,cache_hit_rate,88.34,%
4014,2026-06-29 21:27:00,recommendation-cache,cache_refresh_rate,20.0,ops
4015,2026-06-29 21:27:00,recommendation-cache,cache_evictions,3.0,count
4016,2026-06-29 21:27:00,ranking-service,pod_cpu_percent,42.6,%
4017,2026-06-29 21:27:00,ranking-service,pod_memory_percent,52.4,%
4018,2026-06-29 21:27:00,business,recommendation_ctr,4.1,%
4019,2026-06-29 21:27:00,business,homepage_load_time,13918.38,ms
4020,2026-06-29 21:28:00,recommendation-api,recommendation_requests_total,1836.0,count
4021,2026-06-29 21:28:00,recommendation-api,recommendation_latency_ms,12438.38,ms
4022,2026-06-29 21:28:00,recommendation-api,recommendation_error_rate,0.05,%
4023,2026-06-29 21:28:00,recommendation-db,db_cpu_percent,28.0,%
4024,2026-06-29 21:28:00,recommendation-db,db_connection_count,18.0,count
4025,2026-06-29 21:28:00,recommendation-db,db_read_qps,50.0,qps
4026,2026-06-29 21:28:00,recommendation-db,db_write_qps,30.0,qps
4027,2026-06-29 21:28:00,recommendation-db,db_query_latency_ms,5.0,ms
4028,2026-06-29 21:28:00,recommendation-cache,cache_hit_rate,88.41,%
4029,2026-06-29 21:28:00,recommendation-cache,cache_refresh_rate,20.0,ops
4030,2026-06-29 21:28:00,recommendation-cache,cache_evictions,3.0,count
4031,2026-06-29 21:28:00,ranking-service,pod_cpu_percent,44.8,%
4032,2026-06-29 21:28:00,ranking-service,pod_memory_percent,52.6,%
4033,2026-06-29 21:28:00,business,recommendation_ctr,4.1,%
4034,2026-06-29 21:28:00,business,homepage_load_time,12658.38,ms
4035,2026-06-29 21:29:00,recommendation-api,recommendation_requests_total,1831.0,count
4036,2026-06-29 21:29:00,recommendation-api,recommendation_latency_ms,11133.38,ms
4037,2026-06-29 21:29:00,recommendation-api,recommendation_error_rate,0.05,%
4038,2026-06-29 21:29:00,recommendation-db,db_cpu_percent,28.0,%
4039,2026-06-29 21:29:00,recommendation-db,db_connection_count,18.0,count
4040,2026-06-29 21:29:00,recommendation-db,db_read_qps,50.0,qps
4041,2026-06-29 21:29:00,recommendation-db,db_write_qps,30.0,qps
4042,2026-06-29 21:29:00,recommendation-db,db_query_latency_ms,5.0,ms
4043,2026-06-29 21:29:00,recommendation-cache,cache_hit_rate,87.57,%
4044,2026-06-29 21:29:00,recommendation-cache,cache_refresh_rate,20.0,ops
4045,2026-06-29 21:29:00,recommendation-cache,cache_evictions,3.0,count
4046,2026-06-29 21:29:00,ranking-service,pod_cpu_percent,45.9,%
4047,2026-06-29 21:29:00,ranking-service,pod_memory_percent,52.5,%
4048,2026-06-29 21:29:00,business,recommendation_ctr,4.1,%
4049,2026-06-29 21:29:00,business,homepage_load_time,11353.38,ms
4050,2026-06-29 21:30:00,recommendation-api,recommendation_requests_total,1826.0,count
4051,2026-06-29 21:30:00,recommendation-api,recommendation_latency_ms,9783.38,ms
4052,2026-06-29 21:30:00,recommendation-api,recommendation_error_rate,0.05,%
4053,2026-06-29 21:30:00,recommendation-db,db_cpu_percent,28.0,%
4054,2026-06-29 21:30:00,recommendation-db,db_connection_count,18.0,count
4055,2026-06-29 21:30:00,recommendation-db,db_read_qps,50.0,qps
4056,2026-06-29 21:30:00,recommendation-db,db_write_qps,30.0,qps
4057,2026-06-29 21:30:00,recommendation-db,db_query_latency_ms,5.0,ms
4058,2026-06-29 21:30:00,recommendation-cache,cache_hit_rate,88.82,%
4059,2026-06-29 21:30:00,recommendation-cache,cache_refresh_rate,20.0,ops
4060,2026-06-29 21:30:00,recommendation-cache,cache_evictions,3.0,count
4061,2026-06-29 21:30:00,ranking-service,pod_cpu_percent,42.8,%
4062,2026-06-29 21:30:00,ranking-service,pod_memory_percent,52.9,%
4063,2026-06-29 21:30:00,business,recommendation_ctr,4.1,%
4064,2026-06-29 21:30:00,business,homepage_load_time,10003.38,ms
